 AU01_r, AU02_r, AU04_r, AU05_r, AU06_r, AU07_r, AU09_r, AU10_r, AU12_r, AU14_r, AU15_r, AU17_r, AU20_r, AU23_r, AU25_r, AU26_r, AU45_r,emotion
1.49,0.36,3.02,0.65,1.56,2.62,0.15,1.07,1.03,1.27,2.06,2.39,1.56,0.07,0.74,0,0,5
0.39,0.22,3.31,0,2.82,3.05,1.57,2.79,1.36,1.77,1.25,1.56,0,0.15,1.09,0.27,0.73,5
2.1,0,0.7,0.43,0.95,0,0.81,2.5,1.31,0,1.79,1.47,0.55,0,0.29,0.09,0.83,5
1.55,0,2.07,0,0.88,2.15,0.69,1.35,0,0.36,2.99,2.5,0.94,0,0,0,1.11,5
2.49,0.96,1.2,0.84,1.34,2.27,0,2.47,0.74,0,2.59,2.99,0.36,0.4,0,0,1.61,5
3.24,1.53,1.57,0,1.2,0.83,0,3.09,1.99,3.26,1.84,2.32,0.32,0,0.76,1.23,1.08,5
3.25,2.62,3.37,0.08,0.62,0.27,1.61,2.93,1.42,1.4,1.93,1.01,1.4,0,2.53,0.53,2.14,5
2.88,3.33,0,2.48,0.59,0,0,2.21,1.16,1.69,0.69,2.14,0,0,0.65,0.56,0,5
1.99,0.77,1.55,1.18,1.41,0.76,0,1.39,0.71,0,1.9,2.56,0,0,0,0,3.39,5
2.51,1.72,2.06,0,2.61,4.39,1.19,2.78,2.66,1.75,0.68,1.66,0,0.24,0.38,1.46,2,5
2.19,0.04,2.97,2.55,0.34,0,0,1.66,0.57,0,3.02,3.17,1.2,0.58,0,0,0,5
2.07,0.43,1.62,1.1,1.46,1.91,0,1.31,1.14,0,1.07,2.07,0,0,0,0,1.98,5
2.49,0.29,3.42,1.52,0,0,0,2.14,0.14,1.64,1.4,3.21,0.82,0,0,0,0,5
0.6,0.5,2.91,0.81,1.97,3.62,1.75,3.03,0.82,0.77,3.37,3.63,0.5,0.27,0.88,0.91,0.73,5
1.34,0.27,0.73,1.11,1.37,4.04,0.45,1.49,1.35,1.16,0,0.63,0,0,0.24,0.34,0,5
2.34,1.25,0.59,0,0.87,0.56,0,1.06,0.41,0,1.75,1.53,0,0,0.34,0.13,3.8,5
2.79,1.03,1.44,0,0.97,0,0,1.96,1.35,1.88,1.12,1.84,0,0,0.42,0.82,1.63,5
1.3,0,2.79,1.93,1.37,2.25,0,2.2,1.5,0.35,1.09,1.12,0.68,0,0,0,0,5
2.8,2.08,1.16,0.26,1.31,1.01,0,2.51,1.5,0.73,1.89,0,1.24,0,1.66,0.49,1.94,5
2.86,1.71,1.28,0,0.95,0.9,0.17,1.84,1.22,2.64,2.29,1.44,0.84,0.62,1.28,1.46,3.8,5
2.29,0.91,1.16,0,2.3,1.74,0.39,2.26,2,1.08,0.11,0.94,0.84,0,0.8,0.51,1.57,5
0,0,3.15,0.95,1.8,4.01,2.68,2.13,0,1.78,2.99,2.86,3.22,0.21,0.75,0,0.26,5
2.14,1.25,3.03,0.29,2.02,2.79,0.78,1.13,0.91,1.61,1.07,1.18,1.52,0,1.13,0,0.18,5
2.8,2.14,2.2,0,0.72,0.2,0,1.35,0,1.7,0.9,1.81,1.96,0,0.62,0,0.91,5
0.78,0,2.29,0,2.92,2.22,1.04,2.21,1.32,1.42,0.94,0,1.41,0,2.39,0,0.63,5
1.66,0.62,2.04,0,2.86,3.23,1.05,1.85,2.25,2.02,0.34,0.42,0.77,0,1.48,0.26,0.6,5
1.11,0,2.17,0,2.2,4.18,0.4,1.85,0.4,2.15,1.35,1.91,1.27,0.12,0,0,1.88,5
1.04,0,2.67,0,2.2,3.67,0,0.84,0.77,1.76,1.03,1.27,0.88,0,0.78,0,0.55,5
0.39,0,2.63,0,2.87,3.6,0.66,2.41,1.17,1.07,1.19,0.32,1.55,0,1.77,0,0.48,5
1.45,0,2.66,0,3.7,2.82,0.71,1.76,1.72,1.64,0.08,1.42,0.89,0.29,1.39,0.29,0.57,5
1.09,0.45,3.31,0.31,2.19,3.1,1.17,1.2,0.93,1.38,1.69,1.49,2.87,0,0.96,0,0,5
1.38,0,2.45,0,2.65,2.67,0.77,1.83,2.17,2.09,0.65,0.41,1.04,0.33,1.71,0.37,0.54,5
0.35,0,1.72,0,2.88,4.59,1.13,0.73,1,1.59,1.11,1.2,1.37,0.48,1.06,0.02,1,5
2.78,2.58,3.46,1.59,0.27,0.46,0.4,0,0,0,2.38,0.48,1.42,0,1.09,1.71,0,5
2.36,0.75,2.24,0,1.28,1.13,0,1.54,0.83,1.49,1.75,1.57,0.59,0,0.99,0,0.01,5
1.59,0.71,2.03,1.1,0.69,1.28,0,0,0,0,2.56,0.29,0.79,0,1.32,0,0,5
3.06,2.11,3.3,0.72,0.8,1.28,0.87,0,0.18,0,2.23,0.84,0.25,0,0.99,0,0,5
1.36,0.95,1.72,1.76,0.71,1.65,0,0.14,0,0,2.09,0.19,0.11,0,2.03,1.13,0,5
2.59,1.4,0.96,1.6,0,0,0,0,0,0,2.05,0.43,0.35,0,0.93,0,0,5
3.29,2.98,1.84,0.97,0.32,0.78,0.16,0,0,0,2.03,0.7,0,0,0.35,0,0,5
2.97,2.17,1.33,1.91,0,0,0,0.28,0.11,0,2.6,0.8,0.94,0,1.33,0.34,0.13,5
2.66,2.66,1.14,1.39,0,0,0,0,0,0,1.99,0,2.24,0,2.27,0.61,0,5
0.26,0,0,0,1.08,1.33,1.27,1.03,1.01,1.31,1.13,0.19,1.86,0,0.64,1.24,0,5
2.29,1.95,2.87,0.68,1.04,1.27,0,1.05,0.39,0,0.33,0,1.53,0,1.32,0.22,0,5
2.69,0,2.53,0.3,0.89,2.04,0.01,0.48,0,0.47,1.72,1.29,2.01,0,0.25,0.55,1.33,5
2.29,0,1.29,0,2.09,1.28,0,0.6,1.68,1.57,0.19,0,1.41,0,3.09,0,0.97,5
3.02,1.84,2.85,0,0.78,1.25,0,0,0.59,1.1,0,0.43,0,0,1.1,0.69,3.01,5
0,0,1.55,0,2.76,3.82,0.21,0.81,1.75,1.19,0.08,0,2.41,0,2.87,1.19,1.14,5
1.68,0.24,1.54,0.35,1.82,1.88,0,0.66,0.84,0.28,0.16,0,1.76,0.01,1.7,0,0.32,5
0.33,0,2.36,0.35,2.32,3.85,0.06,1.1,0.85,1.02,0.46,0,2.88,0,3.28,1.03,0.62,5
0.84,0,2.41,1.04,2.47,3.83,0,1.18,0.66,0.32,0.58,0,2.62,0.14,2.87,0.52,0.73,5
1.24,0,1.92,0.91,2.78,4.04,0.27,1.26,1.57,0.2,0.81,0,1.83,0,3.28,0,1.22,5
1.7,0,1.65,0.34,2.26,3.01,0,1.86,1.09,0.45,0.76,0,2,0.11,2.16,0,1.17,5
1.56,0,2.17,0.8,2.38,3.53,0,1.77,1.02,0.45,0.54,0,2.39,0,3.22,0.85,1.29,5
1.17,0,2.58,0.06,2.73,4.56,0.06,2.11,1.2,1.04,0.48,0,2.11,0,3.7,1.13,1.03,5
0.28,0,1.21,0,2.7,4.07,0,0.75,1.51,0.83,0.1,0,1.83,0,2.92,1.36,0.94,5
1.44,0,1.05,2.15,1.35,1.71,1.76,1.24,0.31,0.37,1.07,0.74,1.74,0.26,1.13,1.64,0,5
2.81,1.53,2.9,0.7,0.28,0.7,0.12,1.68,0.71,1.53,0.9,0.91,0.89,0,0.7,0.74,0,5
1.84,0.7,1.22,0,1.87,4.33,1.4,1.32,1.03,0.02,0.55,0,0,0,1.53,0.52,0,5
0.34,0,2.03,0,2.21,1.14,0,1.29,1.36,0.46,0.69,0.79,0.93,0,0.41,0,1.71,5
2.07,0.09,0.03,1.02,1.56,2.2,1.91,2.8,1.95,1.06,1.79,1.52,0.61,0.29,0.41,0.19,0,5
1.51,0.23,1.65,0,2.37,2.78,1.27,1.49,1.42,0,2.35,0,2.31,0,2.45,0.87,1.62,5
2.02,1.4,0,0.5,0.53,0.18,0,0.21,0,0,3.45,0.25,1.96,0,2.04,0.5,0.21,5
1.73,0.82,1.35,0,1.91,3.53,1.43,1.33,0.28,1.02,2.56,1.25,2.39,0.6,1.15,1.04,1.99,5
0.6,0.46,0.74,0.51,1.33,1.58,0.42,0.87,0.73,0,1.17,0,1.06,0,2.2,1.32,1.53,5
1.93,0.92,0.56,0,1.21,1.86,0.3,0.6,0,0,2.7,0.07,1.57,0,1.73,1.21,1.69,5
2.34,0,1.51,0.02,2.92,3.96,1.45,1.41,1.45,0.58,1.37,0.11,1.33,0,2.07,1.4,1.54,5
3.27,2.41,0,0.09,0,0,0,0,0.17,0,1.64,0,0.27,0,1.45,0.46,1.46,5
2.69,0.55,4.62,1.38,1.18,3.3,0.81,1.43,0.61,0.5,2.74,3.19,1.57,0,0.67,0,0.41,5
0.17,1.08,0.99,0.41,1.34,1.39,1.36,0.73,1.48,0.52,0,0,0.6,0,2.13,0.01,0,5
0,0,0.26,0,0,0,0.34,0,0,0.29,0,0,1.03,0,0,0,0,5
2.74,2,0.84,0.05,1.72,1.23,0.66,2.44,0.86,0,2.17,0.13,1.6,0,1.96,0.98,1.14,5
0.29,0,0.45,0,2.46,1.59,1.13,1.77,1.39,1.92,0.01,0.92,0.05,0,0.24,0.23,1.47,5
0.37,0,1.07,0,2.83,3.66,1.36,1.87,2.25,2.1,0.31,1.52,0.5,0.3,0.46,1.24,1.77,5
0.89,0.39,1.34,0,2.49,3.37,1.62,2.04,1.51,1.96,0.75,1.4,0.68,0.37,0.71,0.82,2.01,5
0.49,0,1.19,0,2.01,3.06,1.63,2.19,1.17,1.76,1.23,1.59,0.2,0.55,0.28,0.05,1.76,5
0.15,0,0.83,0,2.27,3.52,1.17,2.12,2.15,2.22,0.41,2.02,0.11,0.83,0.4,0.93,1.6,5
0.24,0,1.37,0,2.64,2.69,1.49,1.89,2.25,2.58,0.78,2.21,0.42,0.45,0,0.99,1.38,5
0.41,0.67,1.68,0,1.51,3.29,1.57,1.6,0.33,0.63,0.78,1.79,0,0.2,0.68,0.68,1.91,5
0.7,0,1.76,0,2.17,3.09,1.51,1.53,1.49,2.14,0.74,1.15,0.48,0,0.64,0.77,1.83,5
1.84,1.04,2.71,0,2.93,2.67,1.62,2.17,2.64,3.51,0,0.84,0.23,0.17,1.05,1.06,1.44,5
1.57,1.12,3.18,1.54,1.45,1.91,1.8,1.22,0.11,0.5,2.04,1.84,1.52,0.09,0.71,0,0,5
0.3,0,1.93,0,2.37,3.45,1.78,1.94,1.64,2.16,1.2,1.82,0.42,0,0.92,0.86,1.74,5
0.67,0,2.28,0,2.63,3.5,1.51,1.33,2.17,2.09,0.82,0.56,0.85,0.17,0.71,0.57,1.69,5
0.71,0,1.66,0,2.51,3.59,0.84,1.68,1.88,1.85,0.59,0.62,0.97,0,1.67,0.95,2.12,5
1.94,1.14,1.41,0,1.6,2.27,0.42,1.5,2.21,2.01,0.52,0.42,1.07,0.03,1.01,1.63,0.98,5
0.65,0,0.01,0,2.37,2.85,0.38,2.02,1.22,0.9,1.58,3.06,0.11,0.79,0.15,1.09,1.42,5
0,0,0.54,0,2.56,3.5,0.92,1.8,1.93,2.39,0,1.04,0.46,0.18,0.35,0.79,1.57,5
0.19,0,1.9,0,2.74,3.32,1.32,1.38,1.77,2.45,0.06,1.45,0.56,0.37,0,1.04,1.72,5
0.5,0.3,1.75,0,2.79,3.83,1.21,1.32,2.29,2.48,0,1.16,0.55,0.23,0.78,1.33,1.33,5
0,0,1.44,0,2.73,3.62,1.21,1.55,1.78,2,0.72,1.66,0.91,0.32,0.82,1.29,1.75,5
3.06,1.11,2.66,0,1.43,0.39,0,2.46,1.14,2.38,1.68,2.52,0.48,0,0.04,0,0,5
2.03,0.2,1.89,0.9,0,1.33,0,0,0,0,0.74,0.18,0.86,0,0.4,0,0,5
1.61,0.51,2.06,0.31,0,0.36,0,0.08,0,1.04,1.22,1.48,1.02,0,0.02,0,0,5
1.86,0.06,1.91,0.56,0.73,1.33,0,0.03,0.48,0.38,0.64,0.59,1.02,0.37,0.12,0,0,5
2.72,1.15,2.78,0,1.58,0.6,0,1.36,1.31,0.99,1.49,0.82,1.63,0,0.82,0,0,5
3.48,2.74,2.45,0,0.75,0.51,0,0.43,0.92,0.1,0.95,0.95,0.97,0,0.75,0,0.14,5
1.89,0.43,2.2,0,1.05,2.99,0,1.22,0.52,0.98,1.47,1.94,1.19,0.28,0.01,0,2.4,5
2.3,0.36,2.37,0.18,0.48,0,0,1.54,0.59,1.67,1.46,1.83,0.96,0,0.07,0,0.04,5
1.51,0,2.42,0,1,3.2,0,1.52,0.74,0.84,1.58,2.13,0.66,0.04,0.49,0.06,0.43,5
1.16,0,2.47,0,2.04,4.27,0.61,1.84,0.65,1.34,2.85,2.26,1.68,0,0.56,0.13,1.12,5
1.8,0.35,2.71,0,0.91,0.95,0,1.78,0.52,0.42,2.3,2.07,2.04,0,0,0,0,5
2.83,1.23,2.71,0,1.29,3.15,0.43,0.58,0.21,0.15,2.19,1.13,1.71,0,0.96,0,0.85,5
0.92,0.58,0.45,1.23,0,0.4,0,0,0,0,0.99,0.58,0.4,0,0.34,0,0,5
2.49,1.32,2.4,0.48,0.51,0.78,0,0.98,0.68,0,0.92,2.87,0.08,0.58,0.05,0,0,5
2.08,1.58,1.82,1.08,0.36,0.77,0,0.27,0.12,0,0.51,0.19,1.02,0.08,2.25,0.48,0,5
1.28,0.13,2.29,0.05,0.05,1.84,0.24,0.29,0,0.28,1.15,1.37,0.06,0,0.07,0,0,5
2.04,0.46,3.16,0.02,0,1.44,0,0.17,0.21,1.68,0.22,1.29,0.28,0.08,0,0.19,0,5
2.16,0.52,3.45,0,1.47,3.68,0.22,2.21,1.24,1.88,1.72,1.88,1.38,0,0.42,0,2.06,5
2.22,0.69,3.22,0,0.74,2.14,0,1.5,0.77,2.15,0.85,1.91,0.94,0,0.77,0,0,5
1.62,0.6,0.47,0,0,0,0,0.24,0,0,0.73,0.77,0,0,0.32,0,0.03,5
2.91,1.77,2.05,0.83,1.19,1.24,0,1.63,0.81,1.45,1.21,2.48,0.55,0,0.76,0.18,0,5
2.61,1.54,3.1,0,1.18,2.11,0.17,1.6,0.69,2.15,1.62,1.53,0.06,0,0.29,0,0,5
2.03,0.92,2.62,0.03,1.39,1.99,0.51,1.31,1.08,0.89,1.45,2.04,1.09,0,1.08,0.16,0,5
3.16,2.63,1.8,1.95,0.67,0.61,0.02,1.28,0.91,1.81,0.34,0,0.14,0,1.27,0.23,0,5
2.13,0,1.72,0.61,0,0,0,0.06,0,0.8,0.41,0,0.64,0,0,0.13,0,5
3,1.65,3.07,0,1.62,2.06,0,2.28,1.42,1.53,1.64,2.51,0.5,0.48,0,0,2.1,5
0.93,0,2.23,0,0.92,2.26,0,1.12,0.52,0.83,2.66,2.44,0.42,0,0.67,0.21,0.19,5
1.71,0.49,2.04,0,0.8,2.01,0,0.58,0.85,0.67,0.83,0.89,1.11,0,1.07,0,0.51,5
2.97,1.24,2.32,0,0.47,0.71,0,0.19,0.12,0.23,2.21,0.76,1.12,0,0.16,0,0,5
2.4,1.53,3.49,0.17,1.18,1.8,0.16,1.36,1,0.24,2.18,2.25,1.87,0.17,1.13,0,0,5
2.28,1.63,2.25,0.02,0.82,1.69,0,0.24,0.25,0,2.02,1.88,1.38,0,0.75,0,0,5
2.36,1.21,2.79,0.18,0.7,1.84,0.15,0.5,0.17,0.09,1.33,1.72,0.97,0,0.25,0,0,5
2.25,0.91,2.7,0,0.83,1.06,0,0.74,0.33,0.15,2.03,1.59,1.35,0,0.85,0,0,5
3.59,0.99,2.59,0,1.11,1.39,0,1,0.58,0.83,2.06,1.26,2.04,0,0.98,0,0.07,5
3.25,2.49,2.58,0.51,0.78,0,0,1.09,0.55,1.12,1.35,1.92,1.67,0,0.82,0,0,5
1.79,0.04,2.52,0.82,0.13,1.34,0,0.38,0,0.89,1.6,0.53,1.28,0,0.33,0.22,0,5
2.09,0.47,1.81,0.18,1.23,1.1,0,1.55,0.61,1.74,2.08,2.58,0.18,0,0,0,0.6,5
2.02,0,1.31,0,1.07,2.75,0,0.73,1.2,1.83,0.91,1.68,1.01,0.42,0.39,0,0.92,5
2.29,0.4,1.74,0,1.41,1.35,0,0.98,1.28,1.12,0.74,1.59,0.61,0.43,0.44,0,0.59,5
2.53,0.83,2.04,0,1.07,1.58,0,0.59,0.93,0.35,0.45,0.84,0.1,0.13,1.12,0,0.16,5
2.75,0.78,1.98,0,1.19,1.52,0,1.13,0.97,1.37,1.69,2.11,1.31,0,0.49,0,0.24,5
1.55,0,1.79,0,1.36,3.58,0,0.89,1.32,1.16,1.04,2.79,1.95,1.38,0.48,0.98,0.94,5
2.6,1.34,1.25,0,0.99,0,0,0.51,1.39,1.77,0,0.99,0.33,0.07,0.84,0,0.13,5
2.47,0.94,2.23,0,0.82,1.22,0,0,1.19,1.18,0,0.6,0.89,0.34,1.75,0,0,5
2.17,0,1.75,0,0.47,1.52,0,0.66,0.41,0,1.29,1.39,1.07,0,0,0,3.95,5
1.54,0.11,1.86,0,1.23,1.6,0,1.39,1.12,2.42,1.08,1.26,1.64,0,0.14,0,0,5
1.21,0,2.08,0.4,0.54,0,0,0.42,0,0.6,1.62,0.84,1.19,0,0,0,0,5
2.54,1.38,2.83,0,1.02,0.62,0,0.92,0.89,1.58,0.68,0.97,0.69,0,1.05,0,0,5
1.58,1.1,1.37,0.77,0.9,1.15,0,0.83,0,0,1.69,1.96,2.19,0,1.1,0,0.07,5
3.22,2.66,2.25,0.77,0.21,0.44,0.43,0.79,0.03,0.64,0.27,1.2,0.47,0,1.03,0,0,5
2.68,1.71,1.97,0,0.88,1.09,0,0.34,0.71,0.77,0.56,0.8,1.18,0,1.17,0,0.09,5
2.29,0.95,2.37,0.55,0.43,0.93,0,0.09,0.58,0.55,2.02,1.57,0.95,0,0.69,0,0.23,5
2.9,1.33,2.28,0,1.72,1.66,0,1.29,1.29,1.59,1.52,1.82,0,0,0,0,1.94,5
2.19,1.27,1.86,0.11,0.57,0.34,0,0.46,0.26,0,1.6,1.42,0.76,0,0.75,0,0,5
2.41,0.68,1.49,0,0.29,0.91,0,0,0.82,0.5,0.02,0.03,0,0,0,0,0,5
2.7,1.49,2.8,0.87,0.87,1.8,0.04,1.12,0.39,0.07,1.44,1.35,2.16,0,1.89,0,0.07,5
1.81,0.92,1.54,0.32,0.83,1.47,0,1.03,0.29,0,1.19,1.54,1.88,0.52,1.62,0,0,5
0,0,0.61,0.92,0.03,0.94,0,0,0.25,0,0,0,0,0,0,0,0.54,5
2.89,1.11,1.17,1.24,0,0,0,0,0,0,1.14,0.61,0.46,0,0.16,0,0,5
1.24,1.35,2.32,0.53,0.75,1.59,0.31,0.81,0.24,0,0.81,1.64,1.27,0.31,1.57,0.34,0.04,5
2.6,1.96,2.74,0,1.38,0.65,0.23,2.45,0.96,2.31,1.8,1.9,1.34,0,1.43,0.08,0,5
1.68,0,2.64,0,1.37,3.4,0,1.19,0.68,0.67,1.71,1.62,1.19,0,0,0,2.67,5
2.5,0.42,3.43,0.16,1.08,1.74,0,1.76,0.63,0.87,1.53,1.34,0,0,0.3,0,0,5
1.55,0.78,3.11,0,1.02,3.91,0,0.48,0.44,0.92,1.72,1.4,1.41,0,0.59,0,2.29,5
2.5,1.44,2.75,0.34,1.37,1.99,0,0.35,1.5,0.61,1.25,0.99,1.01,0,1.02,0,0.05,5
1.98,1.03,2.08,0.4,2.64,3.72,0.83,1.65,1.02,0.77,0.83,0,1.24,0,4.88,3.24,1.36,5
2.71,1.8,0.56,0,0.28,2.72,0.24,0,0,0,0.55,0.01,0.16,0,0.41,0.82,0.78,5
2.81,0.99,1.25,0,1.06,2.66,0.87,0.77,1,0,0.46,0,0.02,0,2.47,1.63,1.48,5
1.92,0,1.09,0.11,1.77,4.19,0,0.03,0.72,0.84,0.83,1.61,1.15,0.38,0,0.18,1.36,5
2.64,0.32,2.56,0.42,0,0,0,0.35,0,0.69,1.19,0.84,0.44,0,0,0,0,5
1.84,0.73,0.9,0.75,0.23,2.22,0.08,0,0.14,0.36,1.23,1.2,0.96,0.61,0.31,0.19,0,5
2.45,1.35,1.39,1.3,0,0.66,0.16,0,0.02,0.02,1.03,0.61,0.58,0,0.82,0.77,0,5
2.52,2.18,1.02,0.24,1.01,3.67,0.51,0,0.58,0.35,0.52,0,0.62,0,1.81,1.8,1.13,5
2.46,0.8,1.38,0,1.36,3.47,0,0,0.77,0.15,0.59,0.1,0.86,0,1.65,0.64,1.06,5
1.03,0.4,0.62,0,1.44,4.57,0.36,0,1.36,0.38,0.3,0,1.34,0,2.01,2.29,1.18,5
3.06,2.41,1.37,0,1.24,3.54,0.47,0.21,0.76,0.6,0.58,0,0.58,0,2.97,3.31,1.1,5
3.66,2.17,1.42,0.09,1.02,4.01,0.18,0.24,0.77,0,0.81,0,0.47,0,1.51,0,0.55,5
2.04,1.54,1.18,0,1.58,4.02,0.02,0.66,1.37,0.58,0.84,0.34,1.71,0,3.16,2.58,2.13,5
2.77,1.76,0.91,0,1.25,3,0,0.08,1.45,1.32,0.26,0.08,1.13,0,2.12,1.08,1.61,5
2.1,1.48,0.53,0,1.69,3.63,0.44,0,1.23,0.52,0.59,0,1.16,0,1.94,0.37,1.61,5
2.07,0.41,2.41,0.8,0,1.41,0,0.09,0,0.02,0.83,0.76,0.87,0,0.18,0,0,5
3.96,1.88,0.89,0.3,1.69,2.69,0,0.36,1.2,0.67,0.41,0.03,0,0,2.49,0.89,1.86,5
2.81,2.5,1.28,0.82,0,1.14,0.02,0,0.49,0.22,0.81,0.22,0.91,0,1.45,1.59,0.59,5
2.97,2.62,1.98,0,1.07,2.03,0.14,1.49,1.19,1.31,0.42,0.42,0.74,0,2.41,1.12,1.03,5
3.72,1.65,1.51,0,0.76,3.11,0,0,1.3,0,1.78,1.6,0.68,0.31,0.69,0.01,0.4,5
4.43,3.26,0.75,1.26,0.72,2.12,0,0,0.29,0.93,0.29,0.69,1,0,1.48,0,1.7,5
2.52,1.57,1.54,0,1.45,3.67,0,0.21,1.63,0.66,0.73,0,1.29,0,3.12,1.8,2.4,5
3.64,3.88,0.79,0.34,1.1,0.85,0.51,0,0.85,0.77,0.48,0,0.41,0,1.8,0.37,1.61,5
2.54,2.17,1.17,0,0.34,2.27,0.11,0,0.28,0.32,0.95,0.79,1.58,0,1.34,1.11,1.03,5
3.71,2.49,1.74,0.61,0,0.23,0,0,0.35,0.09,1.07,1.52,0.9,0,0.4,0,0,5
0.02,0,0.87,0.78,0,0,0,0,0.26,0.28,0.41,0.08,1.53,0.18,0,0,0.33,5
2.63,1.72,1.43,0,1.25,3.62,0.16,0.12,1.27,0.77,0.52,0.3,0.63,0.19,1.95,0.91,2.7,5
2.28,0.44,1.84,0.32,0.84,0.04,0,0.9,0.67,0.76,0.2,0,1.08,0,1.13,0.28,0,5
2.94,2.03,1.1,0,1.58,2.3,1.11,1.67,0.52,0,1.06,0,0.51,0,3.87,2.67,1.69,5
2.42,1.93,0.47,0.56,0.15,2.02,0,0,0,0,1.27,0,0.37,0,0.4,0.36,0,5
2.46,0.31,1.13,0,1.28,4.06,0.41,0,0.86,0.44,0.39,0.5,0.4,0,0.44,0.5,1.12,5
2.72,1.24,1.43,0,0.68,2.65,0.11,0,1.26,1.4,0,0.21,0.7,0.27,0.9,0.71,0.88,5
2.78,0.51,1.04,0.5,0.23,2.03,0,0,0.55,0,1.17,0.96,0.57,0.35,0.21,0,0,5
3.04,2.18,1.84,0.77,0,0,0,0,0.21,0.9,0.82,1.02,0.81,0,0.64,0.12,0,5
2.71,0.57,0.9,0,0.09,2.85,0.05,0,0,0,0.99,1.09,0.77,0,0.13,0,0.26,5
3.26,2.5,0.88,2.17,0,1.43,0,0,0.53,0.73,1.05,0.89,0.89,0.02,1.08,0.73,0,5
3.02,1.19,2.11,0,1.74,4.36,0.06,1.85,1.46,0.88,1.06,0.86,0.87,0,3.3,1.77,1.07,5
2.05,0.72,1.63,0.1,0.7,2.71,0.24,0,0.97,0.1,1.29,1.51,1.05,0.22,0.74,0,0,5
2.17,0,2.28,0.62,0,1.12,0,0,0,0,1.52,0.34,1.37,0,0.64,0,0,5
3,1.42,1.14,0,0.99,2.89,0,0,1.04,0.36,0.34,0.06,0.74,0,1.07,0.53,2.42,5
2.32,0.95,1.3,0,0.58,3.04,0.18,0,0.44,0.09,0.83,0.89,0.66,0.24,0.85,1.05,1.01,5
0,0.06,0,0,0,1.1,0,0,0,0,1.09,0,0.92,0,0.01,0,0.54,5
0,0,0.21,0.59,0.12,1.58,0,0,0,0,0,0,0.98,0.24,0,0,0.01,5
2.58,1.9,1.84,0.84,0,1.51,0,0,0.28,0.26,0.8,0,0.64,0,1.07,1.26,0.27,5
0.44,0,0.49,1.04,0,1.15,0,0,0,0,0.08,0,0.21,0,0,0,0.3,5
0.07,0,0.59,0.14,0.26,0.52,0.51,0.26,0.29,0.02,0.53,0,1.84,0,0.34,0.04,0,5
0.27,0.47,0.03,0,0.26,1.48,0.28,0,0,0.05,0,0,0.49,0.36,0.08,0.13,0,5
0,0.28,0.23,1.73,0,0.02,0,0,0,0.01,0,0,0.78,0.24,0,0.13,0.26,5
0,0,0,0.36,0.45,0.17,0.36,0,0,0,0.1,0,0.55,0.36,0.28,0,0,5
0,0,0.03,0.7,0,1.58,0.52,0,0,0,0.27,0.14,0.74,0.41,0,0.04,0.25,5
0.34,0,1.39,0,0,2.64,1.23,0,0.76,0,0,0,0.1,0.1,0.32,0,0.52,5
0.5,0,0.05,0.75,0,0,0.61,0,0,0,0,0,0.57,0,0,0.12,0,5
1.08,0,0.37,0.49,0,0.48,0,0,0,0,0.15,0,0.89,0,0.23,0.65,0.55,5
0.76,0.29,0.6,1.56,0,0,0.32,0.11,0,0.26,0.05,0.52,1.09,0.73,0,0,0.23,5
2.87,1.32,1.57,0.11,0.09,1.4,0.02,0,0,0.49,0.84,1.63,0.9,0.03,0.37,0,0.2,5
2.91,2.02,2.46,0.18,0.97,1.58,0,0.42,1.2,1.77,0,0.92,0.69,0,1.17,0.92,0.76,5
2.91,0.97,1.95,0,0.7,3.28,0,0,0.25,0.72,0.95,0.44,0.59,0,1.5,0.57,0.41,5
3.23,1.78,1,0,0.95,2.32,0.44,0.11,0.84,1,0.46,0.1,0.68,0,2.05,0.75,1.1,5
2.82,3.37,2.09,0,1.09,1.18,0.48,1.08,1.17,0.85,0.59,0,1.78,0,2.99,2.14,2.72,5
1.69,1.22,0.89,0,1.48,3.99,0.08,0.68,1.08,0.81,0.65,0.27,0.94,0,2.07,0.73,1.89,5
4.42,3.81,0.92,1.05,1.58,2.3,0.08,1.29,1.33,0.61,0.47,0.54,0.93,0,2.12,0.7,0.78,5
3.19,0,2.81,0.09,0.76,1.46,0.09,0,0,0.7,1.26,0.22,1.33,0,0.78,0,0,5
1.69,1.59,0.64,0,0.69,2.78,0.21,0,0,0,1.59,0.25,1.41,0,0.86,1.3,1.03,5
2.12,0.76,1.19,0,0.49,3.31,0.4,0,0,0.09,1.8,1.53,1.02,0.72,0,0.1,0.48,5
2.71,2,1.25,0,1.85,3.73,1.16,1.03,0.95,0.68,0.48,0,0.09,0,2.6,2.76,1.5,5
2.37,1.41,1.35,0.22,1.97,3.47,0.1,0,1.53,0.73,0.55,0,1.75,0,2.05,0.59,1.21,5
3.71,1.27,1.59,0.37,0.98,2.73,0.36,0,0.57,0.02,1.53,1.05,0.52,0,0.63,0,0.86,5
2.92,1.57,2.61,0,0.78,2.38,0.21,0,1.27,1.03,0.95,1.07,0.91,0,1,0.26,0.69,5
1.26,0.3,1.27,0,1.38,4.35,0.49,0,0.41,0.72,0.76,1.34,0.87,0.08,0.37,0.84,1.38,5
2.95,1.5,1.33,1.02,0.18,1.71,0,0,0.23,0,1.39,1.56,1.05,0,0.83,0.07,0.35,5
1.58,0.78,1.19,0.77,0.51,2.96,0,0,0.26,0,1.12,1.16,0.86,0.1,0.77,1.08,0.39,5
3.23,1.22,1.31,0.39,2.27,3.45,0,0.91,2.09,0.9,0.47,0,0.71,0,3,0.06,1.87,5
1.87,0,2.92,0.47,0.34,2.37,0.18,0,0,0,1.57,1.48,0.46,0,0.15,0,0,5
1.96,1.87,1.11,0,1.61,1.78,0.77,1.84,2.04,1.46,0.58,0,0.96,0,2.96,0.99,3.03,5
2.39,1.3,0.88,0.03,1.34,2.07,0,1.96,1.82,0.84,0.92,0.34,0.64,0,3.65,1.74,2.83,5
1.23,0.41,1.45,0,0.96,3.95,0.58,0.26,0,0,1.85,1.21,1.25,0.22,0.59,0.66,1.57,5
1.49,0,0,0,0.36,0.91,0,0.22,0.57,0,0.53,0,0,0.01,0.12,0,0.29,5
3.39,1.88,1.17,1.29,0.45,1.63,0,0,0.63,0.04,0.82,1.07,0.76,0.07,0.13,0,0,5
0.6,0.36,1.2,0.04,1.02,4.22,0.84,0,0.13,0,1.53,1.72,0.33,0.56,0,0.26,0.96,5
3.58,1.81,0.73,0,1.16,2.42,0.95,0.3,1.11,0.94,0.32,0,1.02,0,3.03,0,0.79,5
3.65,2.01,0.93,0.89,0.72,2.26,0,0,0.47,0.29,1.78,2.08,1.09,0.35,0.2,0,0.26,5
4.09,2.85,1.64,0,1.06,2.95,0,0.41,1.02,0,0.59,0.99,0.56,0,1.43,0,1.05,5
1.75,1.31,0.95,0,1.44,4.18,0.64,0.55,1.12,0.4,1.48,0,1.57,0,3.26,0.59,0.93,5
3.69,2.41,1.34,0,0.33,2.92,0,0,0.22,0,1.29,1.62,1.07,0.45,0.48,0,0.61,5
1.64,0.03,3.42,1.1,1.75,3.05,0.95,1.92,1,0.73,2.44,0.94,2.26,0,2.11,0,0,5
0.87,0,3.65,0.91,0.84,3.19,0.56,0.16,0,0,1.21,0.98,0.56,0,0,0,0,5
3.27,2.23,0.99,0,0.76,3.27,0.61,0,0.11,0,0.95,0.01,0.62,0,1.31,0,0.72,5
3.26,2.62,0.71,0.93,0,1.76,0,0,0,0.08,1.31,1,0.94,0.62,0.27,0.18,0,5
2.4,1.28,0.37,0,0.09,1.98,0.21,0,0.2,0,1.01,0.96,0.8,0.15,0.04,0,0,5
2.99,2.08,2.05,0.23,1.17,2.48,0.07,0,1.06,0,0.87,0,1.81,0,2.38,0.67,0.98,5
1.58,0.77,1.61,0,1.67,4.09,0.8,0.84,0.98,0.45,1.32,0.2,1.07,0,2.88,1.27,1.7,5
2.19,1.4,1.36,0,0.84,3.77,0.19,0.64,1.39,0.39,1.03,0.5,0.75,0,2.09,0.79,1.13,5
2.31,1.52,0,0,1.34,3.04,0.74,0.03,1.32,0.91,0.26,0,1.1,0,2.19,1.12,1.2,5
4.4,2.55,0.59,0.71,1.47,2.39,0.33,0.05,1.41,0.24,0.1,0,1.6,0,1.98,0,0.78,5
2.91,2.74,0.15,2.58,0,0,0,0,0.3,0.79,0.19,0.07,0.69,0.77,0.39,0,0,5
2.22,0.83,0.94,0.08,0.91,2.81,0,0,0.98,0.65,0.83,0.31,1.49,0,0.8,0.39,0.65,5
0.43,0,0,1.59,0.44,0,0.01,0.01,0.71,0.59,0.21,0,1.22,0.03,0,0,0,5
1.99,0.07,3.32,0,2.07,3.36,0.63,1.5,0.72,1.27,0.08,0,1.07,0,1.87,1.35,0.58,5
2.36,1.37,2.6,0.06,2.05,3.33,0.04,1.46,1.39,0.9,1.41,0.57,1.83,0,2.75,0,0.71,5
1.77,1.46,0.49,1.77,0.2,1.61,0,0,0,0.03,1.32,1.35,0.89,0.27,0.57,0.47,0,5
1.9,2.29,0.86,0.41,0.02,1.72,0.28,0,0.78,0,1.03,0.01,0.24,0,1.68,2.21,0.89,5
1.42,1.82,1.02,0.37,0,1.9,0.15,0.19,0.75,0.14,1.24,0.53,0.55,0.02,1.76,2.16,0.87,5
3.1,1.27,1.05,0,1,3.15,0.12,0,0.88,0,0.93,0,1.49,0,2.17,1.16,1.04,5
2.92,1.65,3.09,0,1.71,2.82,0,0.95,0.82,1.17,0.33,0.15,0.97,0,2.67,2.19,2,5
2.18,1.35,1.13,0.99,0.17,2.42,0,0,0,0,0.55,0.68,0.37,0,0.39,0.92,0.17,5
3.71,2.35,1.21,0,0.44,1.4,0,0,0.7,0.07,0.89,0.54,0.47,0,0.83,0,0,5
1.78,1.29,0.98,0,0.62,3.5,0.89,0.13,0.17,0.49,1.18,0.02,1.06,0,1.96,1.48,1.03,5
2.43,1.14,0.95,0.04,0.56,1.47,0,0,0,0,1.68,1.17,1.33,0,0.94,0,0.86,5
1.24,0,3.12,1.01,1.26,2.44,0.93,0.85,0,0,1.47,0.34,0.11,0,0.53,0,0.1,5
1.53,0.88,1.26,0,1.2,4.06,0.55,0,0.26,0.24,0.91,0.24,0.78,0.06,0.91,1.2,1.41,5
2.64,1.08,3.23,0,0.05,1.89,0,0,0.53,0.38,0.9,1.22,0.84,0,0.9,0,0.04,5
3.05,2.45,0.53,0.1,0,0.56,0,0,0,0,1.26,0.42,1.1,0,0.6,0.25,0,5
0.26,0,1.14,1.48,0.91,1.48,0,0,0.99,0,0,0,0,0,0.79,3.24,0,5
3.15,1.82,1.4,0,0,1.13,0,0,0.1,0.09,1.04,0.83,0.84,0.05,0.25,0,0.48,5
2.31,2.11,0.18,0.01,0,0.45,0,0,0,0,0.94,0,0.76,0,0.44,0.55,0.08,5
2.19,0.85,1.77,0.05,0.5,2.87,0.18,0,0.58,0.16,1.16,1.29,0.37,0.45,0.66,0.13,0.11,5
3.33,1.87,2.63,0.35,0,0.87,0.15,0,0.35,0.82,0.97,0.99,0.91,0,0.43,0,0,5
3.85,2.44,1.12,0.69,0.66,1.32,0,0.57,0.72,0.2,0.84,0.03,0.68,0,2.04,1.7,3.01,5
2.38,0.96,2.11,0.22,1.74,3.11,0.83,1.93,0.7,0.51,1.78,0.09,1.47,0,4.09,2.81,1.76,5
2.43,2.17,1.43,0,0.63,2.97,0.27,0,0.48,0.38,1,0.73,2.05,0,1.92,1.95,1.43,5
1.35,0,2.4,0.44,0,0.05,0.05,0,0,0.1,1.35,0.62,0.15,0,0,0,0,5
2.73,1.87,1.18,0,1.65,3.72,0,0,1.43,1.02,0.08,0.29,0.63,0,2.48,2.44,1.59,5
2.88,1.73,0.68,0.93,0.17,2.01,0,0,0.28,0,1.26,1.96,0.71,0.01,0,0,0.41,5
4.04,2.22,0.54,0,0.55,2.82,0,0,1.05,0.76,0.9,0.22,1.01,0,1.31,0.09,0.58,5
2.86,1.45,0.85,0.79,1.5,3.78,0,0.27,0.79,0.46,1.02,0,0.49,0,1.77,0,0.82,5
1.72,0.08,1.11,0.24,1.3,4.03,0,0,1.03,0.16,0.59,0.88,0.75,0,0.48,0.28,0.52,5
1.81,1.47,0.52,0,1.41,3.51,0,0.13,1.58,1.36,0.33,0,1.94,0.07,2.5,2,2.3,5
2.73,2.32,1.19,0,1.17,3.05,0.52,0.86,0.73,1.04,0.51,0.16,0.92,0,2.74,2.14,2.21,5
3.71,2.61,1.47,0.39,2.29,3.71,0.85,1.74,1.47,1.06,1.18,0.03,1.33,0,4.25,1.92,2.22,5
3.95,1.94,1.49,0,1.35,3.54,0.01,0.33,1.3,0.18,0.24,0,0.63,0,1.38,0,1.31,5
2.18,1.74,0.68,0,0.45,3.21,0.38,0.29,1.18,0.53,0.47,0,0.35,0,1.83,2.09,1.08,5
1.26,0.77,3.78,0,2.18,3.33,2.37,2.18,0.48,0.87,0.65,0,1.44,0,5,1.68,1.3,5
1.18,0.47,1.51,0,1.16,1.32,0,0.71,1.78,0.86,0.28,0,1.01,0,0.87,0.29,1.12,5
1.89,0.77,1.54,0.83,0.96,1.59,0,0,2,0.69,0,0,0.25,0,1.22,0.75,0.73,5
0.88,1.09,1.89,0,1.93,1.95,1.05,1.29,1.32,0.69,0.91,0,1.14,0,2.84,2.33,2.03,5
1.6,1.04,1.7,0.66,0.73,0.83,0,0.46,1.83,0.59,0.38,0,1.18,0,2.45,1.52,1.48,5
1.44,0.09,1.83,0.35,1.54,2.19,0,0.54,1.53,0.4,0.43,0,1.21,0,2.37,1.53,1.3,5
0.8,0,2.81,0.54,2.19,3.06,0,0.33,2.34,0.41,0,0,0.46,0,2.28,1.11,1.4,5
2.68,1.32,2.17,0.57,0.78,1.78,0,1.15,0.89,0.43,0.3,0,0,0,2.38,1.92,0.73,5
0.56,0.6,0,1.68,0,0,0,0,0,0,0.79,0.38,0.26,0,0,0,0.18,5
2.55,1.89,1.77,0.67,0.4,1.12,0,0.54,1.36,0.3,0,0,0,0,2.3,1.69,0.77,5
1.71,0.69,1.23,0.51,1.3,2.11,0,0.14,2.09,0.41,0,0,0.63,0,2.27,1.64,0.98,5
3.59,2.9,1.95,0.9,0,0,0,0.23,0.61,0,0.08,0,0.12,0,1.57,0,0.43,5
2.71,0.19,3.18,0.54,0.01,0.78,0.01,0.53,0,0.59,0.86,0.23,1.35,0,0.7,0,0,5
3.28,2.53,1.58,0.75,0,0,0,0.24,1.65,0.59,0,0.03,0.12,0,1,0.28,1.01,5
3.43,2.71,0.84,0.93,0,0.3,0,0,0.89,0,0,0,0.12,0,1.79,1.17,0.67,5
1.58,0.81,1.45,0.15,1.32,2.58,0,1.27,1.6,0.43,1.17,0,1.07,0,2.34,1.14,1.17,5
2.21,1.23,0,0.48,0.3,0.52,0,0,1.12,0,0.12,0,0.27,0,1.76,0.85,0.29,5
1.69,1.19,1.39,0.28,0.15,1.98,0,0,0.49,0,0,0,0.71,0,1.49,1.36,1.55,5
3.22,0.93,0,0.87,0.46,0.99,0,0.06,1.44,0,0,0.96,1.31,0,0.67,0,0.9,5
2.26,0.26,1.01,0,0.87,0.78,0,0.74,1.91,1.07,0,0,0.38,0,1.82,1.19,1.09,5
1.48,0.42,3.19,0,2.15,2.84,0.61,1.01,1.67,0.04,0.26,0,0.87,0,2.77,2.67,1.99,5
3.11,2.39,2.3,0.28,0.6,0.41,0,1.41,1.61,1.38,0,0,0.65,0,1.82,0.93,1.37,5
1.96,1.34,1.99,0.89,0.75,1.83,0,0.54,1.58,0.08,0.96,0,0.76,0,1.63,1.61,1.25,5
2,1,1.6,1.64,0,0,0,0.1,0,1.03,0.45,1.33,0,0,0,0,0,5
1.28,0.64,0.17,0,0.79,1.16,0.05,0.7,1.05,0.14,0.92,0,0.35,0,1.66,0.2,1.27,5
2.39,1.99,0,2.17,0,0.17,0,0.2,0.15,0,0.05,0,0,0,1.42,0.9,0,5
1.82,0.63,0.76,0.41,0.95,0.76,0,0,2.11,0.32,0,0,0.87,0,2.38,0.58,0.94,5
0.8,0,1.67,0.83,1.43,1.41,0,0.44,1.78,0.1,0,0,0.41,0,0.8,0,1.17,5
1.34,1.16,1.12,0,0.43,0.88,0,0.41,1.33,0.31,0,0,0,0,1.66,0,0.42,5
1.73,0,0.92,1.02,0.59,0.79,0,0.7,0.61,0,0.48,0.25,0.01,0,0.44,0,0.74,5
1.56,0.15,3.64,0.23,2.45,3.15,0.11,1.15,2.1,0.66,0,0,0.97,0,3.6,3.06,1.16,5
1.28,0.28,1.68,0.67,0.86,1.76,0,0.49,0.61,0.08,0,0,0,0,1.53,0.9,1.12,5
1.83,1.64,1.09,0.82,0.95,1.29,0,0.69,1.61,0.52,0,0,0.12,0,2.68,2.49,0.63,5
1.39,0.41,1.44,0.37,1.52,1.59,0,0.87,1.17,0,2.28,0.54,0.88,0,1.52,0.57,0.99,5
2.41,0.33,1.71,1.88,0,0,0,0.76,0,0,1.48,0.78,0.13,0,0.34,0,0,5
2.49,0.95,0.34,0,0.36,1.04,0,0,1.52,1.16,0,0,1.14,0,1.06,0.33,1.14,5
1.93,1.06,2.03,0.12,1.25,1.87,0,0.51,2.04,0,0,0,0.42,0,2.47,1.83,1.77,5
2.24,1.61,1.08,0,0.93,2.08,0,0.11,1.5,0.58,0,0,0.55,0,1.3,0.68,0.97,5
1.73,0.21,0.73,0,0.64,0.55,0,0,1.51,0.18,0.22,0,1.75,0,1.25,0.09,1.22,5
1.14,0.44,0.95,0.28,1.16,1.91,0,1.56,1.11,0.55,1.56,0.76,0,0,1.48,0.53,0.89,5
1.47,0.72,2.07,0,1.99,2.11,0.55,1.07,1.75,0.45,0.64,0,0.12,0,3.22,2.37,1.41,5
2.65,0.49,1.38,0,2.15,1.02,0.69,1.79,0.84,2.12,1.19,1.41,0,0,1.36,0.51,0.74,5
2.58,0.87,3.61,0,2.67,2.51,1.39,1.72,1.13,1.78,0.26,0.53,0.77,0,1.74,0.6,1.1,5
1.99,0,2.87,0,2.17,3.13,0.89,0.92,0.3,0,1.12,0.35,1.31,0,1.87,2.07,0,5
1.38,0,2.17,0.06,2.06,2.85,0.54,1.72,0.74,0.98,1.15,0.88,0,0.01,1.84,0.95,1.03,5
1.6,0.15,2.85,1.28,0,1.49,0.16,0.81,0,0,1.05,0,0.12,0,1.72,1.43,0,5
2.92,0.5,3.22,0,1.82,2.41,0.37,2.34,1.13,1.32,2.11,1.79,1.09,0,1.83,0,1.03,5
0.81,0,3.47,0.22,2.45,2.93,2.48,2.21,1.35,1.99,0.78,1.34,0,0,1.6,0.93,0.04,5
0.09,0,0,0.08,0.09,1.85,0,0,0.95,0,0.6,0,0.39,0,0.38,0,0.23,5
2.4,0,2.7,0,2.38,2.07,1.15,0.9,0.3,0,1.6,1.72,1.78,0,0.95,0,0.33,5
3.05,0,2.38,0,2.72,3.53,0.36,1.64,1.3,0,1.66,0.94,0.46,0.47,1.46,0.85,0.87,5
1.6,0.19,1.97,0.21,2.77,3.5,1.09,1.26,1.32,0.59,1.16,1.1,0.54,0,1.73,1.07,1.31,5
2.38,0,2.99,1.55,2.21,2.49,0.75,1.25,1.36,0.59,1.63,1.46,1.32,0,2.57,1.46,0,5
2.09,0.39,1.33,0,2.4,3.46,1.89,1.81,1.1,1.52,0.29,0.28,0.23,0.14,1.04,0.16,0.12,5
1.96,0,1.41,0,2.52,3.52,1.46,1.8,0.85,0.12,2.08,1.27,0.08,0,2.33,1.18,1.06,5
1.96,0.36,1.23,0,2.34,3.11,0.99,1.11,0.54,0.32,1.85,1.28,0.21,0,1.11,0.41,1.47,5
2.36,1,1.24,0,1.73,2.06,1.58,1.27,0.43,0.39,1.93,1.01,0.19,0,1.13,0,1.16,5
1.78,0,2.44,0,0.78,2.11,0,0.73,0,0.26,0.47,0,0.47,0,0.08,0.15,0,5
2.23,0,0.79,0,2.63,4.44,1.71,1.02,0.13,0.66,2.03,1.39,0.31,0,0.68,0.06,0.8,5
2.16,0.98,1.42,0.32,1.17,1.19,0.11,0.58,0,1.21,0,0.55,0,0.08,0.37,0.33,0.26,5
2.85,0,1.91,0,2.22,2.01,1.28,2.51,1.1,1.35,0.45,1.06,0,0.06,1.52,0.73,0.47,5
1.89,0,2,0,2.71,3.88,1.17,1.92,0.49,1.53,0.86,2.17,0.64,0.96,1.26,0.96,0,5
1.75,0,2.04,0,1.7,0.54,1.21,0.88,0.69,0.39,1.21,0.75,0.5,0.29,1.26,1.21,0.27,5
3.25,1.38,0.84,0,1.72,4.17,0.16,0.62,0,0,1.4,1.27,0.01,0.43,0.27,0,0.37,5
2.05,0.57,1.81,0.36,1.48,3.05,0,0,0,0.26,0.63,0.6,0,0,1.41,0.6,1.19,5
1.72,0.54,1.08,0,1.81,3.28,0.94,0.76,0.42,0.07,1.72,1.04,0.02,0,0.71,0.44,1.09,5
2.9,1.49,2.54,0.21,1.76,3.25,1.83,1.66,0.83,0.58,1.39,0.5,0,0,2.87,0.88,1.28,5
1.25,0,2.11,1.31,0.67,2.46,0,0.25,1.28,0.51,0.49,0,0.63,0.17,0,0,0.1,5
3.11,0.42,1.91,0,2.02,2.34,2.09,1.12,0.78,0.84,1.78,0.51,0.9,0,2.62,0,1.24,5
2.67,0.47,2.21,0.37,0.24,1.34,0,0,0.65,0.12,1.8,2.85,0.2,0,0.36,0,0,5
1.61,0.38,1.27,1.03,0,0.28,0,0,0,0,0.96,0.11,0,0,0,0,0,5
2.33,0.15,2.06,0,2.44,2.77,1.49,2.02,1.44,1.76,0.24,0.52,0,0,2.25,1.39,0.45,5
2.57,0.63,1.68,0.45,2.36,2.03,1.17,0.37,0.64,2.12,0.13,0.15,0.26,0,1.82,1.18,0.57,5
2.96,0.88,1.96,0.84,1.61,3.19,0.67,0.91,0,1.2,1.89,1.85,1.75,0.2,1.07,0.59,1.38,5
2.1,0.24,2.49,0,2.24,1.68,1.49,1.1,0.6,0.64,1.72,1.66,0.22,0,1.45,0.77,1.11,5
2.35,0.78,1.35,0.91,0,0,0,1.78,0.74,0.71,0,1.51,0.07,0.84,0,0,0,5
2.26,1.09,2.62,0,2.35,3.08,1.69,1.38,0.89,0.29,1.54,1.36,0,0,1.85,0.74,1.02,5
1.77,0,1.11,0,2.61,3.71,1.51,1.4,0.03,0,2.89,1.94,0,0,1.36,0,0.73,5
2.5,0.52,0.93,0,2.17,2.67,1.82,1.25,0.79,1.23,0.9,0.74,0.38,0,2.04,1.17,0.64,5
2.61,1.25,2.4,0,2.03,3.55,1.57,1.79,1.03,0.49,1.16,0.83,0.58,0,2.22,0.44,0.77,5
2.51,0.24,1.35,0,2.04,4.11,2.26,1.73,0.46,1.22,1.14,0.73,0,0,1.76,0.86,0.48,5
1.88,1.04,1.62,0,1.63,3.92,1.91,0.91,0.36,1.51,1.08,0.95,0,0,0.89,0.27,0.21,5
1.75,0.19,1.64,0.55,0.04,1.47,0,0.2,0,0.49,0.31,0,0.01,0,0.2,0,0,5
1.7,0.96,1.63,0,2.6,3.21,2,1.34,0.87,0.1,1.67,1.25,0,0.28,0.51,0,0.67,5
2.08,0.04,1.51,0,2.02,3.32,1.46,0.93,0.5,0.57,0.74,0,0,0,1.62,0.8,0.95,5
1.48,0,1.75,0,1.79,2.43,1.67,1.08,0,0.56,2.78,1.81,1.22,0.12,0.41,0,0.47,5
2.5,0,1.36,0,2.87,2.85,1.1,1.36,0.61,0,2.04,1.17,1.09,0.19,2.09,0.57,0.66,5
1.88,0,2.71,0,2.54,2.85,1.69,1.93,0.34,0,2.03,1.56,1.21,0.52,1.09,1.43,0.36,5
2.04,0.1,2.4,0,1.38,3.31,0,1.14,0.43,0.88,1.42,0.74,0.54,0.4,1.66,0.86,0.89,5
2.98,0,1.13,0.56,0.98,2.46,0,0.87,0,0,1.27,1.18,0,0.14,0.82,0,0.75,5
2.1,0,3.01,0,1.79,4.43,0,1.56,0.54,0.86,1.26,1.2,1.52,0.17,1.96,1.57,1.09,5
3.1,0.43,0.63,0,0.94,1.79,0,0.86,0,1.11,0.93,0.95,0.82,0,1.17,0,0.42,5
2.73,0,1.8,1.03,1.26,3.56,0,1.15,0.59,0,0.59,0.77,0,0,0.73,0.89,0.35,5
2.36,0.17,1.98,0.02,0,0,0,0.23,0,0.73,0.61,1.05,0.7,0,0,0,0,5
2.93,1.01,2.18,0.16,0.65,0.73,0,1.03,0,1.14,1.15,1.25,0,0,1.57,0.65,0.75,5
1.54,0,2.56,0,1.02,1.92,1.05,1.36,0.13,1.22,1.08,0.7,0.16,0.27,1.54,0.8,0,5
1.06,0,1.78,0,2.08,3.65,0.81,1.69,0.55,0,1.34,1.78,0,0.53,1.26,1.47,0,5
2.61,0.96,1.23,0,0.76,1.25,0,0.51,0,1.29,1.87,2.22,1.58,0,0.73,1.62,0.93,5
2.6,0,1.9,0.02,1.94,3.46,0.61,1.97,0.5,1.46,1.15,1.47,1.31,0,1.74,0.6,0.45,5
1.92,0.48,2.4,0.18,2.01,1.77,0.57,0.55,0.17,0.73,0.08,0.74,0,0,0.8,0.82,0.38,5
1.17,0,4.28,0,1.26,3.08,0.87,1.4,0.29,1.27,0.88,1.21,0.08,0.86,0,0,0.11,5
4.41,2.48,3.12,0.89,0,1.46,0,0,0,1.28,0.21,1.6,0.31,0,0,0.2,0,5
2.3,0.69,0.47,0.34,1.27,3.05,0,0.57,0.05,0,1.4,1.55,0,0,0.35,0,0.5,5
2.29,0,2.56,0,1.11,1.21,0.68,0.32,0,1.3,2.47,1.91,0.63,0,0,0,0.23,5
2.68,1.26,1.03,0.61,0,0,0,1.1,0,0.81,0.45,0.75,0,0,0.09,0,0,5
1.81,0,1.01,0,2.3,2.99,0.94,1.6,1.48,0.84,0.28,0.58,0,0,1.61,0.67,0.61,5
2.42,0.6,0.94,0.02,2.63,2.71,1.24,0.66,1.04,0.34,1.35,0.98,0,0,1.27,1.13,0.17,5
2.37,0,0.57,0,2.42,3,1.06,1.8,1.21,0.01,1.82,1.28,0,0.39,1.36,0.5,0.31,5
2.12,0,1.11,0,2.96,2.96,0.89,1.53,1.2,0.53,1.52,1.46,0.43,0.34,2,0.99,0.28,5
2.63,0.57,2.62,0,1.81,1.49,0.61,0.9,0.09,0.33,2.27,2,1.55,0,1.6,0.14,1.26,5
1.88,0.44,2.89,0,2.74,3.63,1.35,2.27,1.32,0.42,1.27,0.91,0.79,0.18,3.22,2.46,0.37,5
1.48,0,2.68,0,3.41,3.7,2,2.01,1.69,0,2.07,1.47,1.2,0.71,2.35,1.36,0.53,5
3.11,0.62,3.16,0,2.01,5,0.63,1.21,0.22,1.77,1.11,1.66,1.42,0.8,0.46,0,0.67,5
2.28,0,1.48,0,1.98,3.04,1.48,1.07,0.51,0,2.44,1.84,0,0,1.11,1,0.65,5
2.08,0,1.26,1.68,0,0.79,0,0,0,0,1.06,0.74,1.26,0,0,0,0,5
3.08,0.41,2.41,0,2.31,2.66,1.05,1.3,1.12,0.87,0.96,1.07,0.14,0,1.48,0.53,1.35,5
1.08,0.05,0.36,0,2.31,2.58,1.87,1.69,0.57,0.83,1.13,0.28,0.14,0,1.83,0,0.58,5
2.22,0.04,2.41,0,2.47,3.48,1.54,2.35,0.75,0,2.03,1.86,0.12,0,2.13,0.44,0.98,5
2.67,1.77,0.79,0.97,0.9,1.32,0.37,0.61,0.31,0,1.12,1.28,0,0.28,0.55,0,0,5
2.75,0.22,2.37,0.8,0.5,1.05,0,0.16,0.3,0,1.41,0.76,0.4,0.01,0.52,0.1,0,5
2.09,1.05,1.55,0.7,0.75,1.12,0,0,0.57,0,1.39,0.94,0.57,0.45,0.64,0.42,0,5
3.29,1.72,1.22,0.48,0.9,0.05,0,0.52,0.47,0.75,0.96,1.17,0.45,0,0.25,0.21,0,5
2.18,1.39,1.61,1.12,1.04,0.48,0.46,0.84,0.7,0.5,0.98,1.39,0.49,0,0.47,0,0,5
2.94,1.46,3.38,0.8,0.72,1.17,0.04,1.01,0.25,0.51,1.65,2.01,0.54,0,0.3,0,0,5
2.65,1.14,1.24,1.31,0.02,0.78,0,0,0,0,0.8,1.63,0,0,0,0,0,5
2.98,0.34,0.77,0.88,0.16,0.57,0,0,0.2,1.59,0.27,0.21,1.98,0,0.15,0,0,5
3.37,1.16,1.89,0.27,0.91,1.19,0.33,0.56,0.48,0,1.93,2.41,1.1,0.14,0.68,0.17,0,5
3.35,1.63,3.28,1.46,0.24,1.76,0,0.88,0.63,0,2.11,2.41,0,0.02,0.3,0.51,0,5
3.16,0.22,1.4,0.28,0.62,0.58,0,0.37,0.57,0.14,1.07,1.33,0.68,0,0,0,0,5
0.76,0,2.28,0,2.48,3.78,0.21,1.64,1.98,1.94,0,0.22,0.5,0,2.15,0.89,1.39,5
2.01,0.51,2.07,0,2.54,3.02,0.16,2.32,1.88,1.87,1.13,0,0.82,0,2.75,0.67,1.32,5
2.79,0.66,3.35,0,2.54,3.33,0.25,0.45,2.71,3.29,0,0.57,0.57,0.03,1.89,3.37,2.36,5
3.09,0.8,1.86,0,1.41,3.41,0,2.81,2.89,2.73,0,0,1.06,0,2.97,1.56,2.67,5
2.26,0.49,2.4,0,2.04,2.46,0,0.44,2.43,0.56,0,0,0.66,0,1.74,1.49,2.1,5
1.21,0.05,1.25,0,2.21,2.35,0.72,1.44,1.3,0.44,1.18,0,0.39,0,3.11,1.26,1.28,5
1.61,0,1.78,0,2.65,2.47,0,2.67,2.06,1.44,0.25,0,1.06,0,2.64,0.64,0.05,5
1.81,0.73,1.67,0.49,0.34,1.16,0.19,0.15,0,0.17,1.39,1.52,0,0,0,0,0,5
1.95,0,1.7,0,2.09,3.24,0,1.47,1.76,0.87,0.14,0,1.06,0,1.92,0,1.11,5
3.43,0.44,1.76,0,1.5,0.85,0,1.84,1.58,1.58,0.42,1.02,0.31,0,0.89,0.77,2.62,5
2.91,1.17,2.37,0,0.44,1.22,0,1.28,1.78,1.63,0.6,0,1.98,0.56,1.24,0.43,4.12,5
3.23,0.21,2.66,0,1.89,1.62,0,1.62,2.16,1.57,0.63,0.12,1.62,0.03,2.14,0,1.35,5
3.01,0.15,2.02,0,1.16,3.25,0,0.69,1.77,0.91,0,0,0.45,0,1.15,0,0.78,5
2.55,0.7,3.09,0,2.02,4.18,0,0.76,1.96,1.5,0.62,0,1.66,0,2.19,0.69,0.67,5
2.84,0,2.18,0,1.88,2.3,0,1.34,2.59,1.16,0,0,0.91,0.15,2.59,1.35,2.83,5
2.83,0,1,0,1.97,2.59,0,1.04,1.1,0.32,2.07,0.34,1.85,0,2.13,0.55,1.52,5
1.67,0.07,1.84,2.3,1.11,0.68,0,1.36,2.16,0.86,0,0,0.82,0.81,1.01,0,0,5
2.3,0,1.7,0,2.45,4.07,0,1.67,2.97,1.1,0,0,0.12,0.02,2.45,0.23,1.26,5
2.61,0.44,2.28,0.9,0,0.84,0,0.29,0,0.79,0.84,0,0.95,0,0.22,0,0,5
1.7,0,1.89,0,1.94,2.05,0,1.03,1.66,0.83,0.07,0,0,0,2.44,1.09,0.94,5
1.53,0,1.98,0.09,2.37,1.88,0,2.33,1.93,1.24,0,0.39,0,0.31,1.56,0.09,1.2,5
1.4,0.25,0.93,0,1.23,1.34,0.99,0.96,0.91,0.11,1.97,1.56,0,0,1.17,0.5,1.31,5
1.32,0,1.09,0,2.06,3.64,0,1.06,1.27,0.56,0,0.37,0.28,0.43,0.36,0.8,1.39,5
1.42,0.19,1.87,0.11,1.97,2.71,0.65,0.44,1.56,1.2,0,0,0,0.19,1.38,1.55,0.98,5
1.03,0,2.86,0,2.25,3.42,0.33,0.64,1.68,0.79,0.18,0,0.46,0,1.98,1.43,1.19,5
2.25,0,1.95,0,1.9,2.24,0,1.37,1.86,0.48,0.28,0,0.96,0.43,2.69,0.33,0.77,5
1.92,0,2.46,0.27,1.81,2.28,0,0.47,1.62,1.44,0,0,0.37,0,1.76,0.82,0.37,5
1.52,0.01,2.86,0,2.12,2.34,0.88,0.71,1.9,0.82,0,0,0.14,0.17,2.32,0.78,0.72,5
1.77,0.42,2.89,0,2.28,3.92,0.43,0.5,1.67,0.96,0.01,0,0,0,2.02,1.07,1.36,5
1.89,0.42,3.15,0.53,1.46,0.18,0,2.55,1.94,3.05,0,0,0.87,0,2.14,0.63,0.37,5
2.44,0.73,2.77,0,1.53,2.97,0.87,1.06,0,0,1.8,0.2,1.54,0,1.83,1.79,2.09,5
2.61,0.52,2.68,0,0.22,1.52,0.61,0,0,0,2.2,0.34,0.22,0,2.05,0,1.61,5
0.69,0,2.89,0,1.88,3.76,1.28,1.39,0.19,0.02,2.31,0,2.42,0,1.75,1.43,1.63,5
2.51,0.5,2.33,0,1.13,2.37,0.34,0.56,0,0,1.2,0,1.49,0,1.74,1.12,2.39,5
1.1,0,2.44,0,0.74,1.41,0.45,0.41,0,0,2.12,0,2.13,0,1.71,1.73,1.79,5
1.12,0,2.61,0.16,2.55,3.23,1.25,2.4,1.08,0,1.13,0,1.03,0,3.09,0,1.2,5
2.9,0.06,2.41,2.39,0.22,0,0.1,2.15,0,1.52,0.99,1.78,0.08,0,0.82,0,0,5
0,0,2.29,0,2.98,3.98,1.36,2.36,1.54,3.12,0.27,0,1.92,0,4.33,2.78,0,5
1.8,0.37,1.77,0,0.91,2.63,0.1,0.39,0,0,0.17,0,0.8,0,0.82,1.11,1.73,5
0.49,0,1.1,0,2,5,0.76,1.18,0.39,0.54,1.21,0,2.26,0,2.85,1.93,0.96,5
2.23,0.23,2.57,0.78,0.07,1.36,0,0.38,0,0.07,0.37,0.99,0.49,0,0,0,0,5
0.84,0.83,1.13,0.57,0,0.22,0,0,0,0.01,0.84,1.4,0,0,0.31,0.25,1.18,5
0.77,0,3.1,0,1.98,2.74,0.73,2.22,0.17,0.59,1.93,0,1.55,0,2.98,1.3,1.26,5
0,0,2.06,0,2.92,5,1.99,2.76,2.03,1.57,0.89,0,1.02,0,3.81,2.58,1.78,5
2.75,1.25,2.86,0.65,1.38,3.03,0.42,1,0.43,0,1.82,0.07,0.04,0,0.35,0,1.24,5
1.56,0.64,2.77,0,0.9,2.72,0.93,0,0,0.5,0.51,0,1.3,0,0.71,0.96,1.97,5
1.12,0.85,2.04,0.47,1.18,4.5,1.63,1.37,0.03,0,1.44,0,1.06,0,1.94,2.1,0.68,5
0.99,0,2.67,0,1.4,4.14,0.47,0.76,0,0.44,1.16,0,1.84,0,1.68,1.75,2.2,5
0.36,0,2.05,0,1.7,4.43,1.43,1.14,0.66,1.46,0.95,0,2.17,0,2.76,2.22,0.82,5
1.13,0,2.29,0,1.87,3.44,0,0.73,0,0.18,1.67,0.3,2.2,0,1.79,0.83,0.37,5
0.55,0.33,4.01,0.05,2.54,3.31,1.19,1.26,0.89,1.11,2.07,2.82,1.31,0.42,0.76,0.57,1.01,5
2.39,0.79,2.4,1.44,0,0.96,0,0.09,0,0,0.4,0.51,0.58,0,0,0.16,0,5
0.26,0,2.35,0,1.9,4.43,0.54,1.24,0.12,1.59,0.39,0,1.73,0,2.72,2.27,0.5,5
0,0,2.08,0,3.57,4.49,1.33,2.43,1.68,0.53,1.06,0,1.23,0,5,2.6,0.87,5
0.54,0.67,1.39,0.03,1.79,3.66,0.92,0.01,0.07,0,2.47,0,2.2,0,2.6,2,1.52,5
0.28,0.06,0.22,0,0,0.92,0,0,0,0,1.4,1.5,0.68,0,0,0,1.2,5
1.57,1.04,3.52,0,1.07,3.04,0.48,0.26,0,0,1.25,0.33,1.75,0,1.27,1.45,2.26,5
1.02,0.58,2.13,0,1.57,2.38,0.46,0.55,0,0.49,0.59,0.21,2.07,0,1.57,1.92,1.09,5
1.03,0,3.16,0,1.49,3.88,0.61,1.59,0,0,2.57,0,1.78,0,2.83,1.3,1.29,5
1.03,0.75,2.35,0,1.2,2.47,0,0.43,0,0,1.45,0.14,2.21,0,1.68,1.15,2.31,5
0,0,1.63,0,2.81,3.92,0.68,1.66,2.16,2.46,0,0,1.22,0,3.55,2.78,1.29,5
1.1,0.1,1.82,0,1.01,2.65,0,0.93,0,0.5,0.62,0,1.61,0,1.89,0.92,1.48,5
3.08,0.99,1.01,0.61,0,0,0,0,0,0.85,1.31,0.31,2,0,0.35,0,0,5
0.61,0,2.22,0,3.1,4.49,1.19,1.79,2.59,0.87,0,0,0.99,0,3.37,2.66,1.57,5
1.09,0.47,0.2,0,0.43,0,0,0,0.39,0.17,0.96,1.73,0.49,0,0.26,0.11,0,5
1.34,0.71,1.8,0,0.13,0.76,0.37,0.05,0,0.9,1.27,0.62,1.23,0,0.02,0,2.86,5
2.2,0,1.21,0.75,0.51,0.6,0.12,0.23,0,0,1.12,0.12,0.67,0,1.9,0.97,0,5
0,0,1.06,0,2.48,4.92,0.57,1.28,1.15,1.08,0.62,0,1.42,0,2.06,1.81,1.32,5
0,0.06,1.46,0,2.19,2.83,0.84,1.14,2.03,0.85,0.55,0,1.48,0,1.6,1.25,1.19,5
0.16,0,2.02,0.47,1.57,3.83,1.08,1.5,0,0,3.21,0.03,2.84,0.13,1.51,3.26,1.48,5
1.76,0.75,2.29,1.46,2.73,3.4,0.78,1.6,0.95,1.68,0.95,0,1.03,0,0.91,0.06,0.6,5
0.66,0.59,0.17,0,0.48,0.45,0.86,0,0.17,0,0.91,0.18,0,0,0.59,1.65,1.66,5
1.96,0.52,0.99,1.3,0,0.27,0,0,0,0,0.23,0,0.42,0,0.17,0.18,0,5
1.44,0.04,2.95,1.67,1.61,2.01,0.89,2.44,0,0.78,1.23,0.29,1.52,0.01,1.32,1.39,1.86,5
1.35,0.93,1.16,0.07,0.17,0.34,0,0,0,0,1.17,1.02,0,0,0.29,0.97,2.7,5
0.14,0,1.2,0,3.05,5,1.43,0.87,1.03,0,0.43,0,1.73,0.66,1.31,0.98,0.09,5
0,0,0.86,0,3.08,4.58,1.27,2.14,1.54,0.96,2.43,0,2.15,0,3.01,1.33,0.94,5
0.54,1.17,0,0,0,0,0,0,0,0,0.28,0.4,0,0.09,0,0.9,1.45,5
2.24,0.15,1.53,1.82,0.67,0.78,0.56,1.18,0.66,0.48,0,0,1.11,0,1.65,0,0,5
0.44,0,2.11,0.74,2.59,5,1.02,2.29,0.71,1.2,1.5,0,3.43,0,2.94,1.04,1.22,5
2.48,1.18,3.29,0.72,1.18,0.68,0.11,2.22,0.34,0,2.3,0.55,0.53,0,1.5,0.41,1.2,5
1.24,0.21,2.76,0.41,1.72,3.31,1.13,1.63,0.28,0,1.29,0,0.3,0,2.03,1.39,1.13,5
0.97,0,0,0.8,0.46,1.37,0,0,0,0,1.32,1.33,0.97,0,0,0,2.98,5
2.57,0.73,2.07,0.37,0,0,0,0.24,0,1.06,0.69,0.34,0.26,0,0,0,0,5
0.81,0,4.1,0,1.23,3.14,0.76,0.79,0,0.08,1.51,0,0.88,0,1.61,1.76,2.2,5
1.19,0,2.04,0,1.28,2.09,0.18,0.28,0.14,0.41,0.83,0,1.28,0,1.77,1.46,1.83,5
1.07,0,3.16,0,2,3.34,1.23,1.61,1.48,1.13,0,0,1.09,0,2.78,1.1,1.93,5
0.95,0,3.22,0,0.86,2.87,0.79,1.26,0,0.27,0.5,0.22,0,0,3.25,1.95,1.5,5
2.55,0.97,2.91,0,0.72,1.54,0.53,0.48,0,0,1.38,0.68,1.6,0,1.4,1.72,2.44,5
1.62,0,3.19,0,1.07,1.85,0.94,1.15,0.59,0.49,1.35,2.68,1.08,0.93,0,0,0.3,5
1.63,0.57,2.15,0.56,1.1,0.3,0.38,0.41,0.87,0.11,0.83,2.17,0.27,0.61,0,0.34,0,5
1.21,0,3.15,0,2.12,3.27,0.92,1.53,0.5,0.7,1.81,3.24,0.52,1.06,0,0.15,0.98,5
2.18,0.32,3.21,0.22,0.4,0.33,1.18,1.39,0.95,0.99,1.98,1.79,0.78,0.83,0,0,0,5
2.21,0.1,2.08,0.89,0,0.98,0,0,0,0.58,0.62,0,1.35,0,0.31,0,0,5
1.81,0.16,1.48,0,0.07,0,0.25,0.57,0.83,1.49,1.98,1.3,0.19,0.43,0,0,0,5
2.09,0.41,2.45,0,1.07,2.44,0.49,1.52,0.4,0.47,1.41,1.9,0.27,0.77,0,0.45,0.25,5
2.11,1.7,3.66,0,2.39,3.4,1.36,2.32,1.07,1.22,1.15,4.12,0,1.18,0,0.75,0.78,5
1.3,0,3.73,0,1.15,3.97,1.46,0.91,0.05,0.57,1.7,2.55,0,0.71,0,0.58,0.78,5
1.86,0.96,4.68,0,1.84,3.37,1.07,1.82,1.11,1.45,1.7,4.3,0,0.5,0,0.85,0.53,5
2.94,0,2.22,0,0.5,0,0.89,1.63,0.03,0.88,2.36,2.4,0.83,0,0,0,0,5
1.31,0,4.02,0,1.07,3.51,1.38,1.56,0.59,1.25,1.96,2.55,0.13,0.76,0,0,0,5
0,0,4.9,0,2.61,2.89,2.24,3,1.52,0.95,1.56,2.57,0,0.88,0,0.09,0.1,5
1.24,0,2.62,0.5,0.9,2.96,0.63,0.59,0,1.28,2.51,2.44,1.09,1.23,0,0,1.15,5
2.14,0,2.79,0,0.27,2.02,0.25,0.55,0,1.94,2.1,2.08,0.09,0.96,0,0.06,0.5,5
3.2,1.34,1.81,1.33,0,0,0,0,0,1.39,0.97,0.59,1.27,0,0,0,0,5
2.07,0.12,1.14,0,0.35,0.74,0,0.79,0,1.36,2.36,2.45,0,0.73,0,0,0.36,5
1.79,0,2.95,0,1.19,2.18,0.86,1.35,0.35,0.98,1.8,3.21,0.41,1.07,0,0,0,5
1.27,0,2.89,0,1.9,4.5,0.59,1.14,0.99,0,1.69,2.61,0.79,0.03,0.11,0,0,5
2.02,0,1.56,0,1.14,1.42,0.38,1.43,0.02,0.71,0.86,2.56,0,0.49,0,0,0.28,5
2,1.28,1.33,0,0,0,0.25,1.87,0.44,0.7,1.5,2.59,0,0,0,0,0,5
3.62,2.2,2.18,0,0.51,0,0.21,2.09,0.8,1.44,1.75,2.46,0.28,0,0,0,0.57,5
1.66,0,4.07,0.04,1.19,2.71,1.03,0.51,0,0.52,2.06,2.07,1.11,0.11,0,0,1.26,5
2.71,0.72,3.8,0.19,2.11,1.24,1.39,1.71,1.05,0.69,1.29,1.09,0.97,0,0.69,0.05,0,5
1.72,0.75,2.87,0,2.29,3.52,1.19,1.79,0.79,1.45,1.12,2.43,0,0.32,0,0.17,0.05,5
0.75,0,2.48,0.03,1.02,1.42,0.08,0.76,0.13,0.24,2.28,3.46,0.74,0.76,0,0,0,5
1.51,0,2.94,0,0.81,0,0.12,0.77,0.08,1.81,0.23,0,1.61,0,0.59,0,3.33,5
2.3,0.33,1.68,0,1.66,2.28,0.37,1.45,0.37,0.96,0.85,1.78,0.44,0.74,0,0.24,1.26,5
2.09,0.07,3.37,0,0.93,2.15,0.94,1.12,0.38,1.09,1.88,3.18,0.63,1.06,0,0.56,0.61,5
1.51,0,1.71,0,0.47,2.38,0.59,0.26,0.18,0,1.51,1.62,0.67,0.49,0,0.22,0,5
1.5,0.67,4.59,0,2.65,3.29,1.3,2.25,0.78,0.67,0.72,3.27,0,0.16,0,0,0.59,5
1.96,0.51,4.26,0,2.09,1.98,0.91,1.71,1.05,1.25,1.22,3.37,0,0.4,0,1.6,0.38,5
2.01,0.16,1.33,0.82,1.48,0.49,0.12,1.21,0.85,1.43,1.23,2.73,0,0.27,0,0,0,5
2.06,0.15,4.76,0,1.88,3,0.9,1.01,0.27,0.99,1.68,2.97,0,0.76,0,0.59,0.3,5
0.68,0,5,0,2.32,3.55,2.88,2.83,0.41,1.56,0.95,2.96,0,0.59,0,1.18,0,5
1.41,0.6,4.68,0,1.69,2.9,1.66,1.54,0.33,1.17,1.74,3.84,0,0.89,0,0.1,0.23,5
1.3,0,4.21,0,1.21,3.5,0.77,1.13,0.58,0.86,0.72,2.87,0.34,0.56,0,0,0.83,5
1.44,0.47,3.61,0.35,2.21,3.6,1.8,1.99,0.48,0.84,0.45,0,1.56,0,4.42,1.9,0.85,5
2.22,0.12,2.92,0,1.18,1.52,0.14,1.36,0.94,0.06,2.1,2.4,0.78,0.61,0,0,0,5
1.14,0.18,3.35,0,2.2,1.98,0.97,2.53,1.31,0.87,1.54,2.15,0,0.21,0.8,0.74,0.04,5
1.32,0,3.04,0,1,2.7,1.15,1.53,0.29,0.39,2.39,2.69,0.15,0.54,0,0,0.02,5
1.18,0,4.53,0,2.29,3.07,2.27,2.31,1.15,0.39,1.65,3,0,0.45,0,0,0.82,5
2.52,2,3.53,0,1.72,1.76,0.85,1.75,0.75,1.74,1.3,2.21,0,0,0,0,0,5
1.55,0,2.02,0.34,0.17,1.17,0.58,0.57,0.51,1.45,1.44,2.48,0.35,0.95,0,0.15,1.2,5
1.75,1.01,3.95,0.37,0.3,0.19,0.45,0,0.59,0.12,1.13,1.45,0,0.39,0,0.32,0,5
1.7,0.07,3.18,0,0.05,1.42,0.02,0.88,0,0,1.6,1.9,0,0.09,0,0.14,0.49,5
1.2,0.84,0,0.34,1.41,0,0.24,0,1.53,0.95,0,0.45,1.42,0,0.51,0.5,0.37,5
1.85,0,1.2,0,1.4,0.79,0.25,1.32,0.82,2,0.34,1.55,0,0.59,0,0,1.49,5
1.69,0,3.59,0,2.33,2.91,2.38,1.94,0.94,0.29,1.95,2.67,0,0.35,0,0.06,0,5
3.98,2.12,0.85,2.24,0,0.06,0,0,0,0.34,0.94,0.05,1.83,0,0.95,0,0,5
0.21,0,4.38,0,0.17,2.28,1.06,0.8,0.07,1.12,0.26,2.61,0,0.95,0,0,0,5
3.16,0.83,2.36,0,1.34,1.33,0.98,1.61,1.42,0.64,1.43,1.59,1.2,0.29,0.37,0,0.09,5
0.45,0,4.25,0,1.85,3.52,2.35,2.75,0.49,1.83,1.58,3.5,0.23,0.6,0,0,0.1,5
3.74,2.56,2.79,0.09,0.07,0,0,1.45,0.8,1.44,0.42,2.72,0,0,0,0,0,5
1.08,0,2.49,0.39,1.08,1.61,0,2.12,0,1.32,2.44,2.22,0.48,0.54,0,0.18,0.79,5
2.75,0.04,4.92,0,2.01,3.41,1.44,1.48,1.08,1.85,1.29,3.2,0,0.39,0,0.49,0.68,5
2.05,0.89,3.4,0,1.05,1.73,0.32,1,0.3,1.24,1.7,2.83,0,0.2,0,0.39,0,5
1.21,0,1.73,0,1.29,1.56,0.15,1.06,0.41,0.06,1.9,2.23,0.05,0.45,0,0,0.5,5
1.22,0,2.43,0.13,1.84,4.12,1.26,1.63,0.78,0.27,1.88,2.48,0.08,0.54,0,0.05,0.57,5
0.67,0,3.42,0,0.73,3.03,0.53,0.77,0.08,0,1.48,3.48,0,0.67,0,0,0,5
2.31,0.42,0.88,0.69,0,0,0,0,0,0.27,1.31,0.79,0,0,0,0,0,5
0.14,0,3.5,0,1.14,2.81,1.34,2.43,0.42,1.97,0.77,1.97,0,0.43,0,0,0.04,5
2.62,0.08,4.34,0,1.18,2.74,1.42,1.3,0.11,0.05,1.54,3.1,0,0.92,0,0.52,1.06,5
1.8,1.25,2.64,0.28,0.02,0.85,0,0.38,0.73,0,2.6,1.18,1.67,0,0.3,0,0,5
0.71,0,2.2,0.21,0.51,0.75,0,1.31,0.78,0.98,1.85,1.16,0.91,0.03,0,0.07,0.19,5
1.83,2.61,2.37,0.5,0,1.45,0,0,0,0.03,1.7,2,0.71,0.16,0,0.08,0.21,5
1.48,0.67,1.67,0.34,0.19,1.8,0,0.69,0.03,0,1.85,1.35,0.43,0.1,0.16,0,0.08,5
1.71,2.02,3.59,0,0,0.37,0,0.69,0.52,0.15,2.03,1.3,0.94,0,0.58,0,0,5
0.01,0,0.72,0,0.21,1.58,0,0.85,0,0,1.71,1.51,1.24,0.46,0.27,0,0.5,5
2.56,1.79,3.26,0.05,0.41,0.85,0.06,0.15,0.46,0,1.95,0.94,1.05,0,0.36,0,0,5
1.7,0,1.54,0.18,0,0.44,0,0.21,0.13,0.1,1.48,1.03,1.1,0,0.02,0,0.43,5
1.26,0.02,3.67,0.94,2,4.17,1.58,2.71,1.1,0.2,2.88,2.95,0.88,0.83,0.99,0.52,0,5
2.65,2.34,2.37,0,1.74,1.99,0.25,1.97,1.97,1.85,0.4,1.22,1.08,0.08,1.03,2.01,3.17,5
2.59,0.5,2.58,0,0.2,1.1,0,0.59,0.46,0.19,2.18,1.06,1.24,0,0.12,0,0,5
2.77,1.23,0.72,0.84,0,0,0,0.2,0,0,1.13,0.84,0.77,0,0,0,0,5
0,0,0.13,0.24,0.64,0.52,0,0.73,2.07,0,0.14,0.12,1.65,0,0.24,0,0.4,5
3.34,1.98,0.77,0,0,0,0,1.39,0.25,0.22,1,1.1,0.16,0,0.32,0.03,0,5
2.55,1.13,0,0.41,0,0,0,0.61,0.18,0.28,1.82,0.58,1.08,0,0.54,0,0.33,5
1.67,0.62,0.39,0.19,0,0.49,0,0.77,0.19,0,2.56,2.1,1.67,0.18,0.31,0,0.57,5
2.13,1.72,2.19,0,0,0.96,0,0.69,0.43,0.01,2.36,1.13,0.95,0,0.22,0,0,5
0.97,1.4,2.39,0,0.53,0.63,0.18,0.64,0.33,0.06,1.57,0.67,1.02,0,0.39,0,0.07,5
0.95,1.33,3.36,0.08,0.43,1.75,0.66,0.68,0.55,0.07,2.34,1.26,0.4,0,0.69,0,0,5
1.6,0.63,3.4,0.37,0.42,1.62,0,0.18,0,0,1.71,1.26,1.2,0,0,0,0,5
1.74,1.74,3.4,0,0.13,1.46,0,0.13,0.24,0.46,1.17,0.76,1,0,0,0,0,5
2.44,0.37,1.42,0.06,1.87,2.27,0,1.67,2.45,0.79,0.39,1.09,0.27,0,0.48,0,3.03,5
1.69,1.16,3.92,0,0.41,1.54,0,0,0,0,1.44,1.11,0.79,0,0,0,0.52,5
0.77,0.59,2.75,0,0,1.46,0.43,0.04,0,0.13,2.01,1.57,1.13,0.01,0.07,0,0,5
3.47,1.58,1.94,0.04,0,0,0,0.19,0.39,0,1.21,0.75,0.8,0,0.31,0,0,5
2.39,1.6,3.04,0.1,0.45,0.63,0.27,0.65,0.44,0.25,1.9,1.06,1.29,0,0.65,0,0.09,5
2.15,1.88,0.48,0,0,0,0,0,0.89,0.34,2.06,0.9,1.19,0,0.56,0,0,5
2.23,0.55,0.9,0.15,0.07,0,0,0.93,0.15,0.43,1.89,1.96,0.45,0.71,0,0,0.29,5
2.43,1.29,1.99,0,0,0,0,1.35,0.12,0.14,1.1,0.92,0.31,0.37,0.08,0,0.17,5
1.46,0.81,1.72,0,0.09,0.87,0,0.51,0.32,0.46,1.52,1.27,1.17,0.16,0,0,0.3,5
1.48,0.62,1.83,0,0,0.72,0,0.54,0.36,0,1.95,0.99,0.94,0,0.17,0,0,5
1.26,0.52,0.9,0,0.52,0.58,0.21,0.91,0.49,0,2.05,0.3,0.77,0,0.75,0,0.32,5
2.61,0.42,0.66,0,2.71,2.5,0,2.58,1.6,0,0.78,1.68,0.46,0.84,0.78,0,2.11,5
2.65,1.24,2.08,0,0,0,0,1.2,0.23,0.33,0.76,0.07,0.62,0,0.11,0,0.15,5
2.95,0.39,1.83,0,0.01,0.45,0,1.16,0.14,1.01,0.15,0.19,0,0,0,0,0.31,5
2.19,1.22,1.67,0,0,0,0,0.58,0.19,0.55,0.69,0.09,0.79,0,0,0,0.42,5
2.68,1.88,1.66,0.39,0.59,1.13,0,0.46,0.03,0,1.78,0.88,0.89,0.06,0,0,0,5
1.29,1.53,2.25,0.04,0.02,2.02,0,0.4,0,0,1.4,0.96,0.57,0,0.11,0,0.29,5
2.91,1.66,1.15,0,0,0.73,0,0,0,0.71,1,1.01,0.12,0,0,0.37,0.43,5
2.86,1.64,2.13,0,0,1.32,0,0.47,0.76,0.45,2.16,1.34,0.66,0,0.75,0,0,5
1.91,1.33,1.98,0,0.44,2.73,0.31,0.69,0.35,0,1.57,0.86,0.36,0,0.69,0,0.11,5
0.88,0,1.01,1.43,0,0,0,0,0.75,0,0,0,1.05,0,0,0,0,5
0.08,0,0.08,0.69,0,0,0,0,0.97,0,0,0,1.34,0,0,0,0,5
2.32,2.21,2.95,0.88,0.07,0.76,0,0.46,0.02,0,1.5,0.84,1.39,0,0.15,0,0.34,5
2.44,2.22,2.95,0.68,0.1,0,0.29,1.03,0.91,0,1.92,0.6,1.01,0,0.56,0,0,5
2.09,0.37,1.71,0.65,2.03,3.11,0,2.83,1.48,0.29,2.83,2.32,2.61,0,0.19,0,1.59,5
2.06,2.09,4,0.62,0.35,0.76,0.45,1.12,0.77,0.28,1.54,0.45,1.01,0,0.49,0.01,0.15,5
2.08,1.06,3.09,0.85,0.37,1.18,0,1.05,0.39,0.51,1.13,0.33,0,0,0.09,0,0,5
1.91,0.67,2.01,0,0.16,0,0,1.28,0.23,0.41,0.69,0.6,0.69,0.22,0.39,0.25,0.53,5
1.47,0.42,3.09,0.83,0.79,1.74,0.01,1.01,0.63,0.4,1.48,1.07,0.89,0,0.13,0,0.33,5
1.01,1.36,3.47,0,0.62,1.74,0.39,1.12,0.24,0.4,1.04,1.01,0,0.05,0,0,0.1,5
0.25,1.73,3.04,0,0.01,2.39,0,0.24,0,0,1.29,0.95,0.37,0,0,0,0,5
0.8,2.1,4.08,0,0.65,1.91,0.17,1.12,0.69,0.31,1.57,1.47,0,0,0,0,0,5
2.18,1.33,2.31,0.79,0.5,1.85,0,0.13,0.15,0,1.58,1.42,0.37,0,0,0.01,0.1,5
2.64,1.66,1.38,0.51,1.04,1.05,0.74,1.3,0.72,0.79,0,0.02,0.98,0,1.44,0.31,0,5
0.28,0.07,2.08,0.6,1.67,4.64,1.6,1.48,0.7,0.66,1.02,0,1.74,0,2.38,1.75,0.1,5
1.66,0.75,1.37,0,3.4,4.59,0.49,1.86,3.47,1.88,0,0.74,0.09,0.66,1.11,1.02,1.6,5
1.64,0.47,0.91,0.49,0.99,2.38,0.71,0.33,0.58,1.42,0.75,0.16,0.92,0,1.21,0.63,0,5
1.97,1.12,0.18,1.03,0.5,2.02,0.58,0.94,0.49,0,0.56,0,0.25,0,1.29,1.09,0,5
2.58,1.47,0.45,1.82,0,0.52,0.72,0.53,0.53,0.56,0.24,0.67,0.48,0,0.52,0,0,5
1.97,1.25,1.44,0.83,0.65,1.09,0.28,0.5,0.67,0.25,0.77,0,0.52,0,1.75,0.94,0,5
1.13,0.11,0.94,0.84,0.97,2.75,0.98,0.85,0.81,0.81,0.48,0,0.79,0.2,1.28,0.11,0,5
2.54,1.58,0,0.39,0.06,0,0,0,0.08,0,1.87,0.75,0.16,0,0.14,0,0,5
1.2,0.65,0.89,0.92,0.79,2.41,0.59,0.82,0.26,0,1.24,0,0.92,0,2.06,0.95,0,5
1.83,0,0.63,0.65,0.48,1.76,0.41,0.29,0.14,0,1.08,0.33,0.31,0,0.42,0,0,5
2.21,1.95,1.23,1.07,0.62,1.43,0.77,1.11,0.93,0.39,0.65,0,0.13,0,1.95,0.94,0,5
2.09,1.88,1.31,0.83,0.68,1.53,1.31,1.23,0.59,0.37,0.61,0.45,0.09,0,1.84,1.34,0,5
0.98,0,2.28,0.85,0.67,2.69,0.37,1.15,0,0,1.68,1.56,0,0.44,0,0.43,0,5
2.31,1.52,1.78,1.44,0.27,0.09,0.66,0.22,0.39,1.63,0.99,0.83,1.01,0,0.51,0.01,0,5
1.83,1.24,0.67,1.43,0.63,2.33,0.18,0.59,0.04,0,0.4,0,0.16,0,1.55,0.7,0,5
1.15,1.52,0,1.66,0,0.89,0,0.08,0,0,0.35,0.07,0,0.05,0.32,0,0,5
2.91,2.29,1.66,1.39,1.42,1.46,0.63,0.88,1.42,0.42,0.45,0,1.02,0,2.59,0,0,5
1.23,0,0.94,0.85,1.85,3.98,0.52,1.24,1.1,0.54,0.93,0.04,1.5,0,2.14,0,0.27,5
1.21,0.64,0,0.66,0.55,1.84,0,0.22,0.55,0,0,0,0,0,0.64,0.07,0,5
0.81,0.63,0.41,1.26,0.87,1.72,0,1.01,0.26,0,0.83,0.74,0,0.27,0,0,0,5
2.79,1.42,1.99,1.17,0.9,1.61,0.7,0.87,0.77,0.67,0.06,0,1.26,0,1.06,0,0,5
3.5,2.47,0.76,1.11,0.3,0.98,0,0.61,0.67,0.3,0.47,0.28,1.34,0,1.39,0,0,5
0.92,1.06,0.54,1.44,0.62,2.8,0.48,0,0.47,0.12,0.89,0.35,0.62,0.73,0.43,0.62,0,5
2.84,2.19,0.93,0,0.83,1.52,0,0.67,0.01,0,1.75,1.01,0.95,0.19,0.9,0.43,4.14,5
0.99,0.44,1.69,0.59,1.1,3.54,1.56,0.74,0.28,0.32,0.12,0.38,0.53,0,1.29,1.09,0.18,5
3,1.66,0.13,2.18,0.21,0,0.27,0.85,0.96,0.31,0.25,0,0.63,0,2.04,0.1,0,5
1.53,1.48,0.68,1.59,1.34,1.43,0.62,1.86,1.61,1.02,0.75,0,1.02,0,3.2,0.63,0,5
1.87,1.36,0,1.37,0.6,1.53,0,0,0.72,0.33,0,0.25,0,0.13,0.66,0,0,5
2.17,1.52,1.01,0.71,0.89,1.99,0.87,0.91,0.85,0.39,1.14,0,0.55,0,2.13,0,0,5
0.25,0.1,0.08,0.75,1.75,2.78,0,0.7,0.72,0.38,1.62,1.28,1.47,0,0.52,0,0,5
0.32,0.07,0.72,1.11,1.52,3.39,0.58,1.41,0.63,0.44,1.21,0.84,1.48,0.03,1.53,1.08,0.16,5
1.83,1.36,0.07,0.19,1.07,1.38,0.37,0.12,1.06,0.47,0.78,0.62,0.98,0.09,1.43,1.1,0.03,5
0.17,0,1.92,0.78,2.07,3.07,0,0.92,0.67,0,1.11,0.78,1.37,0,1.28,0,0,5
2.54,1.85,3.57,1.04,1.13,2.94,1.22,0.74,0.72,0.28,0.28,0.95,1.21,0,1.68,1.77,0.02,5
3.03,1.05,1.57,1.08,1.77,3.02,0.66,1.05,0.53,0.27,3.18,1.96,2.03,0.61,0.53,0.1,2.53,5
1.29,0.37,1.58,0.36,1.31,2.36,0.98,0.47,0.85,1.07,0.67,0,1.12,0,1.71,0.93,0,5
0.47,0.24,1.49,0.27,2.07,3.62,1.25,1.02,1.68,1.57,0.42,0.13,1.33,0.02,2.31,1.32,0,5
1.5,1.32,1.52,0.56,1.36,1.24,0.78,1.12,1.47,1.13,0.22,0,0.68,0,1.83,0.84,0,5
0.96,0.58,0.53,1.16,1.29,2.45,0.33,0.71,0.53,0.54,0.4,0.45,0.71,0,0.73,0.22,0.22,5
1.68,1.34,1.51,0.62,1.7,2.86,0.95,0.38,1.35,0.91,0.02,0.06,1.16,0,1.28,0.94,0.66,5
2.77,1.94,0,1.22,0,0,0.12,0,0.23,0.08,0.39,0,0,0,0.54,0,0,5
2.83,2.62,0.9,2.3,0.11,0,0,0.77,0.83,0.61,0,0.37,1.63,0,0.58,0,0,5
1.27,2.03,0,1.43,0.15,0,0,0,0.74,0,1.2,0.08,0.21,0,0.97,1.13,0,5
3.27,2.74,0.31,1.23,0,0,0,0.36,0.91,0.49,0.05,0.63,0.58,0,0.74,0,0,5
1.08,0.58,0.36,1.21,0.45,1.9,0,0.65,0.2,0,2.08,0.58,0.58,0.5,1.01,0.17,0,5
3.9,2.75,1.79,0.72,0.95,2.06,0,1.9,0.4,1.98,1.57,2.19,2.08,0,1.18,0.67,1.45,5
1.87,1.03,0.56,0.89,0.57,1.36,0.82,0.24,0.65,0.52,0.96,0.59,0.62,0.38,0.71,0.51,0,5
3.59,3.31,0.76,1.89,0,0,0,0.92,0.9,0.14,0.41,0.71,0.61,0,1.24,0.17,0,5
1.86,1.18,0.54,0.53,0.83,0.17,0,0.9,0.78,0,0.44,0.17,0.13,0,0.78,0.17,0,5
0.9,0.55,2.59,0.28,2.82,2.93,1.55,1.43,1.81,1.78,0.05,0,1.77,0,2.21,0.22,0.38,5
0.76,0.5,2.02,0.35,1.98,3.27,1.73,1.4,0.92,1.45,0.68,0.51,1.34,0,1.83,0.17,0.09,5
1.95,1.73,1.68,0.84,1.31,1.44,1.01,0.77,0.94,1.17,0.25,0.89,0.47,0,1.23,0.63,0,5
2.16,2.5,0,2.31,0,0.5,0.26,0.46,0.18,0,0,0,0,0,1.31,0.15,0,5
2.34,1.74,0,1.16,0.22,0,0,0,0.79,0.55,0,0.16,0,0,0.61,0,0,5
1.8,1.07,0.23,1.07,1.97,2.8,0.4,1.25,1.77,0,0.42,0.07,0.61,0,2.09,0.82,0,5
1.73,1.35,0.96,1.34,0.92,1.79,1.02,0.85,1.31,1.53,0,0.13,0.81,0,1.06,0.99,0,5
2.95,2.89,1.21,0,0.48,1.51,0,0.22,0,0,3.06,2.35,0.9,0,0.89,1.71,2.26,5
2.18,2.16,0,1.02,0,0,0,0.58,0.8,0.3,0.72,1.36,0.23,0,0.67,0.92,0,5
1.99,1.32,0.93,0.5,1.15,1.31,0.76,1.01,1.19,1.51,0.49,0.47,1.4,0,1.53,0.38,0.2,5
3.13,2.04,0.32,0.51,0.78,0.11,0.63,0.27,1.12,1.37,0.11,0.26,0.98,0,0.97,0.18,0,5
2.66,2.2,0.16,0.84,0,0,0.33,0.11,0.64,1.88,0,0.42,0.86,0.11,0.59,0,0,5
1.94,0.92,0.39,0.71,0.86,0.84,0.16,0,0.62,1.13,0.65,0.16,0.26,0,0.59,0,0,5
1.83,0.71,1.68,0.96,0.22,0.05,0.3,0.11,0.41,1.11,1.41,0.68,0.09,0.07,0,0,0,5
1.02,0.75,0.79,1.2,0.99,2.6,0.56,0.68,0.43,0.3,0.45,0.5,0.56,0,1.22,0.5,0,5
1.06,0.21,1.57,0.63,1.8,3.28,1.01,1.28,0.47,0,1.44,0.57,1.09,0,1.89,0,0.09,5
1.34,0.9,0.47,1.36,0.99,3.88,1.38,1.21,0.61,0.55,0.71,0.26,0.8,0.57,2.33,1.83,0,5
1.97,1.01,0.38,1.28,1.66,2.74,0.36,0.56,1.43,0.96,0.85,0.59,2.13,0,1.12,0,0,5
1.93,1.18,1.22,1.26,0.38,1.66,0,0,0.11,0.09,2.1,2.74,1.91,0.41,0.04,0.61,0,5
1.65,0.8,1.32,0.18,2.64,4.12,2.43,2.31,1.18,0.11,2.98,0.06,0,0,2.73,0.63,1.38,5
0.76,0.66,1.13,1.37,1.64,3.73,1.04,1.37,0.9,0,0.59,0,0.25,0,2.2,0.17,0,5
1.46,0.81,1.84,0.41,2.1,3.01,0.71,1.09,1.25,0.53,0.68,0,1.71,0,1.79,0.15,0,5
2.01,1.84,2.44,0.49,1.97,1.41,0.92,1.5,0.82,1.52,0.21,0,2.09,0,1.88,0.35,0.27,5
1.33,0.42,1.6,0,1.87,3.63,0.7,1.3,1.34,1.25,0.63,0,1.8,0,2.2,0.65,0.09,5
2.21,2.11,1.3,0.5,1.48,2.82,0.71,0.77,1.06,0.71,0.99,0.18,1.35,0,2.11,1.61,0,5
0.1,0,1.32,0.99,2.14,4.86,0.59,0.86,0.93,0.57,0.22,0.29,2.17,0,1.81,0.17,0.17,5
1.06,0.42,0.29,0.9,0.89,2.32,0,0.33,0.37,0,1.02,0.71,0.3,0.1,0.53,0.55,0,5
2.75,2.27,0.58,1.52,0.15,1.25,0.43,0.5,0.48,0.04,0.61,0.23,0.39,0,1.86,1.18,0,5
1.31,0.53,1.58,1.37,0.9,1.83,0,0.37,0.71,0,1.15,0.71,0.15,0,0.37,0,0,5
2.33,1.32,2.27,0.32,0.4,0.84,0,1.16,1.16,0.82,0.24,0.54,0.94,0,0.76,0.37,0,5
2.07,1.88,0.94,0.25,1.35,3.5,0.54,0.5,0.72,0,3.09,2.74,1.39,0.33,1.27,0,1.43,5
1.35,1.28,2.75,0.73,1.43,2.3,1.06,0.61,0.95,0.61,0.69,0.12,0.61,0,1.48,0.96,0,5
1.31,1.18,2.75,0,2.11,3.72,1.54,1.3,0.95,0.4,1.22,0.18,0.99,0,2.47,0.86,0.48,5
1.92,1.53,1.73,0.3,0.63,0.7,0.6,1.15,0.56,0.49,1.43,1.19,0.78,0,0.46,0.06,0,5
1.68,1.69,1.52,0.67,1.26,1.31,1.01,1.02,1.19,0.91,0,0,0.66,0,1.61,1.25,0,5
0.88,0.22,0.6,1.14,1.29,2.15,0.23,0.47,0.81,0.73,0.48,0.03,0.87,0,1.24,0.04,0,5
1.49,0.86,1.74,0.21,1.36,2.39,0.86,1.5,0.82,0,1.49,0,0.56,0,2.4,0.67,0,5
2.5,1.69,2.81,0.67,1.58,2.47,1.37,1.82,0.85,0,0.42,0,0,0,2.84,1.01,1.44,5
1.25,1.93,2.05,0.65,2.37,1.04,1.97,1.47,1.74,0.68,0.49,0,0.61,0,2.7,1.01,0.28,5
1.61,1.07,0.77,0.69,1.25,1.75,0.48,0.71,1.32,1.12,0.61,0,1.31,0,1.62,0.95,0,5
1.03,1.09,1.33,0.71,2.26,2.78,1.14,1,1.18,1.21,1.04,0.6,1.59,0,1.62,0.74,0.23,5
2.47,0.66,1.5,0.26,2.6,3.31,1.64,2.88,1.46,1.81,3.78,2.52,1.47,0,1.08,0,1.71,5
2.28,0.22,2.83,0,2.74,4.71,0,2.01,1.91,0.62,0.91,1.68,2.05,0.6,1,0.32,0,5
1.39,0.53,2.82,0,2.59,4.24,0.23,1.17,2.02,0.74,0,0.67,1.16,0.62,1.44,1.4,0.49,5
0,0,0.45,0.42,1.9,2.5,1.21,1.02,1.51,0.51,0.76,1.72,0.4,0.73,0.41,0.41,0,5
2.03,1.08,2.64,0,2.6,2.96,0.83,3.13,2.09,0.72,0,0,0,0,2.61,0.15,0.48,5
2.44,0.25,3.36,0,2.73,3.5,0.51,0.96,1.36,1.89,0,0,1.56,0,2.18,0,0.53,5
1.89,0,2.83,0,1.89,2.98,0.18,0,0,0.83,0.11,0.49,1.81,0,1.27,0.18,0.96,5
3.12,0.73,3.89,0.08,1.61,3.37,0.59,1,0,0.46,0.53,0.21,1.38,0,1.92,1.48,0.87,5
3.64,0.32,3.41,0.21,1.17,3.25,0,0.29,0,0.42,0.77,0.33,1.65,0,1.63,1.93,0.86,5
4.1,0.31,2.88,0,0.99,2.76,0.03,0,0,0.48,0.19,0,1.77,0,1.25,0,0.94,5
0.41,0,0,0,0.36,1.88,0,0,0,0,0,0,0.21,0,0.13,0,0.26,5
2.16,0,2.73,0,2,2.12,0.32,0.79,0.54,1.55,0,0.08,1.55,0,1.51,0.15,1.67,5
2.79,0,3.76,0,1.24,3.31,0.71,0.12,0,0.66,1.09,0.61,2.31,0,1.44,0.36,0.92,5
2.85,1.79,1.27,0.24,2.55,3.22,0.95,1.7,1.06,2.37,0.66,1.3,1.61,0.2,0.48,1.5,1.35,5
2.35,0.39,3.06,0,1.39,2.67,0,0,0.45,1.48,0,0,0.74,0,2.1,2.25,1.03,5
4.15,0,3.27,0.38,2.6,3.4,0,0.67,1.85,0.47,0,0,1.16,0,2.35,0.48,0.79,5
2.29,0,3.11,0,0.87,2.42,0.36,0.27,0,1.05,0,0.3,1.33,0,0.75,0,0.29,5
1.94,0,1.53,0,0.61,2.85,0,0.06,0,0,0.36,0.79,0.42,0,0.14,0.21,0,5
2.58,0.59,3.11,0,1.65,3.7,0.48,0.78,0.76,1.65,0,0.4,1.04,0,0.67,0,0.32,5
2.05,0.3,2.55,0,0.42,2.25,0,0,0,0.25,0.84,0.91,1.33,0,0,0,0,5
2.23,0.06,1.48,0,1.72,2.38,0.12,0,0.4,1.14,0,0,1.12,0,0.83,0.35,0.04,5
2.29,0.78,3.39,0,2.44,2.97,0.87,1.31,0.63,1.95,0,0,1.01,0,4.04,2.31,0.7,5
1.68,0,2.89,0,2.6,4.52,0.08,0,1.21,1.48,0,0.11,1.55,0,0.89,0,1.01,5
1.18,0,2.66,0,2.44,3.46,0.93,0.12,0.54,0.96,0,0,1.39,0,1.54,0,0.18,5
2.43,0.56,1.68,0,2.52,3.34,0.18,1.7,2.16,1.94,0,0.61,1.66,0.69,0.79,2.22,1.86,5
2.31,0.9,1.13,0,0.78,1.82,0,0.02,0.72,0.67,0,0.08,1.26,0,0.81,0,3.04,5
2.52,0,2.31,0,2.39,4.29,0,0.27,1.03,0.87,0,0,1.88,0.18,1.7,0.88,0.88,5
3.65,1.19,1.85,1.06,1.34,2.93,0,0.61,0,0,0.08,0,2,0,3.96,2.26,0.65,5
2.05,0,2.76,0.38,0.97,4.06,0.37,0,0,0,0.78,1.47,1.42,0,0.69,0.17,1.24,5
2.52,0.8,1.58,0,1.05,2.47,0.1,0,0,0.29,0,0.66,1.01,0,0.18,1.01,1.17,5
1.87,0.21,2.42,0,1.87,3.59,0.07,0.52,0,1.14,0.4,0.12,2.57,0,2.21,0.46,0.27,5
1.39,0,2.48,0,2.57,4.68,0,0.55,0.67,1.47,0,0.21,0.8,0,0.32,0.38,1.17,5
3.74,0.3,1.23,0,1.08,1.79,0,0,1.33,0.17,0,0,1.17,0,1.19,1.15,2.18,5
2.09,0,2.83,0,2.09,4.46,0.08,0.2,0.74,1.3,0,0.09,1.54,0,1.19,0.27,0.84,5
1.65,0.25,2.52,0.64,1.56,3.44,0,0,0.91,1.32,0,0,1.63,0,1.16,0,0.18,5
3.46,1.83,1.68,0.09,1.41,1.36,0,1.17,2.14,1.58,1.66,0.64,1.47,0,1.31,0,3.38,5
3.01,0,2.62,0,1.46,3.13,0.35,0.3,0,0.04,0.29,0.07,0.57,0,1.9,0.16,0.76,5
2.03,0,2.13,0,1.91,2.93,0.31,0.38,0,0.12,0.9,0.35,2.42,0,1.2,0,0.73,5
3.46,0,2.25,0.26,2.27,3.42,0.07,1.02,0,0,0.97,0.15,1.77,0,1.96,0.6,0.73,5
2.62,0,2.6,0,2.1,4,0.07,0,0.83,1.31,0,0,1.53,0,0.88,0.41,0.51,5
1.91,0.24,3.15,0,2.19,2.43,0,0.5,0.44,1.68,0,0,1.3,0,0.79,0.03,0.47,5
2.91,0,3.38,0,1.48,3.48,0.65,0,0,1.09,0.5,0.58,1.78,0,0.97,0.08,0.88,5
2.68,0.46,2.33,0,0.92,1.67,0.67,1.47,0.33,0.73,1.08,0.85,0.7,0,0.51,0,0,5
2.38,0.18,2.85,0,1.6,4.88,0.15,0.37,1.49,1.6,0,0.19,0.66,0.09,0.63,0.61,0.35,5
2.44,0.2,3.36,0.06,1.54,2.37,0.12,0.71,0.29,0.15,0,0,2.2,0,0.95,0,0.19,5
1.92,0,1.18,0,1.6,1.98,0.11,0,0,0.03,0.18,0.22,1.64,0,1.13,0.23,0,5
3.3,0.96,1.19,0.83,1.58,3.4,0,1.29,0.64,0.67,1.67,1.18,1.53,1.44,0.16,0,2.22,5
3.28,1.1,1.28,1.44,0.02,0.02,0,0,0,0.03,0.01,0.1,0.06,0,0.34,0,0,5
2.12,1.37,2,0,0.81,2.08,0.14,0.26,0,0.02,0.25,0.4,0.16,0,0.32,0,0.32,5
2.2,0.29,2.25,0,2.06,3.32,0.08,0.67,0.3,0.11,0.13,0.19,1.17,0,1.59,0,0.32,5
2.41,0.22,2.08,0,1.86,3.02,0,0,0,0.96,0,0.33,1.22,0,1.22,0.84,0.92,5
2.4,0.76,2.91,0,1.51,3.4,0.19,0.14,0,0.98,0,0.22,0.89,0,1.58,1.78,0.93,5
3.45,0.27,3.39,0,1.37,3.07,0.2,0,0.16,0.25,0.88,0.35,2.6,0,1.48,0,0.83,5
2.88,0.21,3.63,0,1.87,3.34,0.78,1.1,0.08,0.84,0.68,0.13,1.54,0,2.36,2,0.71,5
3.51,0.13,2.04,0.49,1.19,2.59,0,0.44,0,0,0.63,0,0.61,0,1.39,0.55,0.46,5
2.67,0,3.29,0,1.82,1.9,0.35,0.72,0.85,1.18,0.22,0,1.87,0,1.48,0,1.25,5
4.2,1.13,3.07,0,1.17,1.75,0,0,0.36,0.71,0.51,0.22,1.29,0,0.38,0,0.65,5
2.86,0.67,1.66,0,2.91,2.38,0,2.24,3.1,3.18,2.23,1.65,3.19,0.18,2.76,0,4.21,5
3.34,0.71,1.91,0,0.97,1.94,0,0,0,0.66,0.03,0.05,1.49,0,1.41,0,0.72,5
3.1,0,2.94,0,1.55,2.66,0.25,1.25,0.58,0.74,0,0.29,0.57,0,0.74,0,0.49,5
1.81,0.33,1.22,0,1.34,0.55,0,0.25,1.63,1.31,0,0,0.52,0,0.94,0.78,2.42,5
2,0,1.74,1.2,0.48,1.63,0,0,0.81,0.27,0.57,0.53,0,0,0.45,0,0,5
2.81,0.85,2.12,0,0.37,2.24,0.02,0.84,0.06,0,0.39,0.79,0.13,0,1.19,0.62,0,5
2.66,0.66,3.42,0.19,1.98,3.59,1.03,1.5,0.96,1.78,0.77,0.75,1.73,0,1.03,0,1.01,5
2.58,0.18,3.31,0,1.86,2.57,0.33,0.1,0.8,1.1,0.17,0.87,1.45,0,0.79,0,1.41,5
3.01,0.13,1.8,0,1.97,1.52,0,0,1.37,1.56,0,0,1.18,0,1.52,0,2.03,5
3.64,0,3.12,0,1.74,2.32,0.13,0,0,0.48,0.8,0,1.76,0,1.78,0,0.87,5
2.3,0,1.95,0,1.95,3.51,0,0,1.17,1.38,0,0,1.2,0,0.69,0.62,1.18,5
2.44,0,2.6,0,1.46,3.98,0.42,0,0,0.81,0.22,0.43,1.11,0,1.18,0.31,1.46,5
0,0,0,0.66,0,0,0,0,0,0.1,0.02,0.19,0,0.54,0,0,0,5
3.17,2.68,2.56,0,1.71,1.5,1.13,1.28,0.63,0.68,5,1.99,0,0,1.43,0,2.43,5
2.35,0,2.1,0,1.36,3.12,0,0,0.63,0.79,0,0,1.14,0,0.59,0.71,0.94,5
3.09,0.42,3.34,0,1.77,2.45,0,0,0.95,1.24,0,0,1.26,0,1.93,0.91,0.79,5
2.38,0,2.1,0.27,2.17,1.45,0,0.03,1.33,1.89,0,0,1.96,0,1.44,0,2.46,5
3.45,1.18,2.18,0,0.41,2.51,0,0,0.12,0.19,0,0.69,1.36,0,0.59,0,0.49,5
2.59,0,2.16,0,1.14,1.12,0,0,0.05,0.43,0.03,0,1.8,0,1.04,0,1.95,5
2.23,0,2.28,0,1.86,4.56,0.19,0.17,0.04,0.48,0.5,0.07,1.85,0,2.11,0.77,1.18,5
3.88,1.5,3.01,0.61,0.05,1.17,0,0.55,0,1.27,0.8,1.71,2.58,0,0.74,0.92,0.28,5
2.37,0,2.46,0,2.12,3.67,0,0,0.8,1.91,0,0,1.95,0,0.91,0.31,0.98,5
3.17,0.27,3.31,0,1.34,3.13,0.49,0.72,0.31,1.21,0.75,1.09,1.64,0,0.43,0.03,1.62,5
2.78,0,3.26,0,0.97,3.43,0.6,0.1,0,1.14,0.49,0.42,2.16,0,0.91,0.23,0.87,5
1.4,0.85,3.74,0,1.29,2.75,1.11,2.92,1.34,0.65,1.68,3.32,1.05,0,0.45,1.77,1.19,5
3.53,0.19,3.5,0,1.66,3.96,0.55,1.36,0,0.49,0.01,0,1.13,0,2.82,1.5,0.62,5
4.52,1.37,1.79,0.45,0.14,1.28,0,0,0.06,0,0.72,0,1.03,0,2.3,0,0.13,5
3.05,0,2.08,0,1.59,2.45,0,0.04,0.12,1.06,0.05,0.39,1.29,0,0.41,0.17,1.18,5
3.56,1.54,3,0.2,1.11,0.49,0,1.48,0.13,1.55,0.1,0.42,1.5,0,0.6,0,0,5
3.63,1.51,1.49,0,0.36,0,0,0.34,1.42,0.56,0.55,0.47,1.89,0.02,0.36,0,3.03,5
3.86,1.59,2.28,0,0.01,0.21,0,0.57,0,0,0.75,0.02,1.14,0,1.65,0.19,0.14,5
4.17,1.09,2.22,0,1.5,1.41,0,0.35,0.46,0.13,0,0,1.41,0,1.94,0.34,1.38,5
2.15,0,1.29,0,0.95,1.21,0,0.39,0,0,0.73,0.61,0.96,0.23,0,0.31,0.53,5
2.63,0.95,1,0,0.79,0.25,0,0,0.69,1.01,0,0,2.26,0,0.83,0.47,2.69,5
2.11,0.16,2.21,0,0.46,1.39,0,0,0,1.65,0.11,0.37,2.43,0,0,0.13,2.28,5
1.63,0,2.49,1.02,1.91,2.58,0,0.11,0.41,0,2.78,1.75,2.69,0,1.33,0,0.65,5
0.84,0.83,0.29,0.79,0.1,1.64,0,0,0,0,0.89,0,1.43,0.19,0,0.84,0,5
1.71,0,1.97,0.17,1.45,2.37,0.16,1.06,0.42,0.39,1.53,2.34,2.16,1.07,0.33,0.65,2.32,5
3.35,0.18,2.84,0,0.48,2.95,0.07,0.2,0.11,0,0.9,0,1.88,0,1.51,0,2.35,5
2.33,0,2.09,0,1.16,2.38,0.01,0,0,0,0.28,0,1.31,0,0.57,1.32,2.49,5
4.66,1.01,0.71,0.4,1.01,1.22,0,0,0.42,0.7,0,0,0.71,0,1.11,0,0.36,5
3.56,0.47,1.27,0.5,0.52,1.36,0,0.53,0.14,0,1.59,0.7,1.25,0,2.24,0,0,5
2.71,0.13,2.15,0,1.41,2.86,0,0,0,0.91,0.13,0.42,1.35,0,0.98,0.8,1.4,5
3.71,1.24,1.59,0,0.96,1.12,0,0,0,0,0.62,0,1.67,0,0.29,0,2.72,5
2.96,0.4,1.8,0.55,0,1.9,0,0,0,0,0.54,1.16,0.65,0,0.12,0.43,0.38,5
3.91,1.65,2.81,0.36,1.14,1.55,0.21,0.77,0.24,0.61,0,0,0.33,0,3.99,0.84,0.43,5
2.77,0,1.06,0,2.37,2.84,0.44,0.15,0.89,0.15,0,0,0.09,0,2.04,0.13,0.81,5
2.36,0.49,1.68,0,0.95,3.13,0,0,0,0,0.34,0.61,1.28,0.1,0,0,0.89,5
2.81,0.85,1.04,0.69,2.55,3.8,0.43,2.3,1.33,0.24,4.49,2.43,2.64,0,1.96,0,1.76,5
3.65,0.47,2.02,0,0.99,2.12,0,0,0.82,0.9,0,0.24,1.11,0,1.45,0.46,0.69,5
3.99,2.28,1.78,2.2,0,0.23,0,0,0.17,1,0.48,1.12,1.84,0.41,0,0,0,5
0.77,0,2.32,0,2.05,4.01,0.27,0.84,0.84,1.3,0,0.29,1,0,0.54,0.6,1.74,5
2.55,0.6,1.65,0,1.86,1.21,0,0.27,0.6,0.55,0,0.33,0,0,0.64,0.14,0.2,5
3.54,0.03,1.01,0.02,0.88,0.82,0,0,0.52,0,0,0,0.81,0,0.11,0,0.51,5
3.17,0.96,2.36,0,1.54,3.8,0,0.01,0.3,0.94,0,0,0.83,0,1.74,1.65,1.2,5
2.61,1.82,2.13,0.99,0.54,0.73,0,1.14,0.84,0.16,0,1.09,0,1.03,0,0,0,5
2.58,0,2.6,0,2.87,4.52,0.28,0.24,1.5,2.28,0,0,1.59,0,2.21,1.43,0.92,5
2.12,0,1.92,0,1.06,3.16,0,0,0,0,0.31,1.14,1.62,0,0.16,0.68,0.67,5
3.7,1.05,2.26,1.05,0,2.16,0,0,0,0,0.38,1.44,1.9,0.29,0.33,0.48,0.38,5
2.07,1.09,1.44,0.04,1.42,1.24,0,0.13,0.53,0.34,0,0.17,0.64,0,0.67,0,0.67,5
2.01,0.96,1.15,0,2.4,1.96,0.09,2.42,2.39,0.87,1.2,1.56,0.3,0,1.18,1.37,1.77,5
2.07,0,1.7,0.27,0.92,3.41,0,0,0,0,0.89,0.84,1.22,0,0,0,0.67,5
1.48,0,1.75,0,2.2,2.04,0,0,1.79,1.76,0,0,1.47,0,1.23,0.5,1.3,5
2.5,0.63,2.79,0,0.36,1.32,0,0.69,0.07,0.13,0.25,0.74,0.11,0,0.23,0,0,5
0.46,0.27,0.36,0,0.84,1.16,0,0.5,0.42,0,0,0.96,0,0.76,0,2.08,0,5
2.13,0,2.57,0,1.14,2.31,0,0,0,0.61,0.52,0.64,1.45,0,0.11,0.29,0.94,5
3.29,0.24,1.99,0,1.03,1.78,0,0,0.63,0.62,0,0,2.65,0,1.48,0,2.88,5
3.41,0.85,3.1,0.03,1.46,1.27,0.05,0.95,0.1,0.02,0,0.08,1.6,0,2.42,1.56,1.24,5
2.49,0,1.57,0.05,2.42,4.73,0,0,1.79,0.7,0,0,1.73,0.46,1.64,0,0.53,5
2.92,0,0.93,0,1.59,3.26,0,0,0.79,1.45,0,0,1,0.18,0.18,0.15,1.32,5
2.55,0.79,1.09,1.01,0.8,1.9,0,0,0,0,0.6,0.18,1.78,0,0.72,0,0,5
2.39,0.39,2.74,0,1.07,2.34,0.2,0,0,0.39,0.19,0.42,1.34,0,0.81,0.62,0.61,5
2.86,1.24,1.57,0,1.93,3.29,0,1.77,1.45,0.31,2.03,1.79,0.54,0,1.16,0.76,1.62,5
2.68,0,2.17,0,1.95,2.99,0.14,0,0.14,0.48,0.37,0,1.91,0,1.84,0,0.54,5
3.08,0.91,2.57,0,1.95,2.69,0.42,0.36,0,0.56,0.28,0,1.8,0,2.22,0,0.64,5
3.22,0.67,2.87,0,1.84,3.05,0.78,0.55,0.49,0.76,0,0.34,0.79,0,1.84,0.93,0.92,5
2.03,0,1.8,0,1.35,2.38,0,0,0.21,0.5,0,0.33,0.95,0,0,0,0,5
0.64,0,3.46,0,2.05,2.11,0.19,2.24,2.09,1.86,2.5,2.02,1.15,0.22,0.97,0.76,0.25,5
2.18,0,2.29,0,1.89,2.04,0,1.13,1.52,0.83,2.76,2.11,1.73,0,0.88,0.06,0,5
1.39,0.38,2.49,0,1.46,1.17,0.14,1.29,0.92,0.69,3.22,2.33,1.02,0,0.65,0,2.7,5
1.32,0.62,2.02,0,0.92,1.1,0,1.62,1.01,1.41,1.56,0.77,2.11,0,1.68,0.73,3.33,5
2.54,1.63,1.59,0.05,0,0,0,2.18,0.06,0.56,1.75,2.03,1.73,0,0.47,0,2.35,5
2.24,0,3.19,1.36,0.7,1.74,0,0.53,0.17,0,1.01,1.83,0.36,0,0,0,0,5
2.5,1.76,0.77,0,1.29,1.97,0,1.5,0.99,0,3.34,2.36,1.16,0,1.37,0.56,1.72,5
1.06,0.61,3.12,0,2.15,0.91,0.35,2.26,0.87,1.49,2.59,1.07,1.75,0,2.01,0,2.69,5
1.5,0.39,2.44,1.32,0.96,1.94,0,1.04,0.92,0.5,3.02,1.91,0.46,0.29,0.7,0.03,0,5
1.64,0,2.82,0,1.37,1.92,0.05,1.19,1.05,0.52,2.84,2.16,1.03,0,0.61,0.74,0,5
2.04,0.06,2.7,0.82,1.49,0.98,0.43,1.45,1.24,0.56,1.68,1.35,0,0,1.14,0,0,5
1.29,0.12,2.6,0,1.48,1.08,0.62,1.68,0.54,0.94,2.53,1.83,1.23,0,0.28,0,2.65,5
1.47,0.15,2.05,0,1.74,1.14,0,1.09,1.4,1.41,1.67,1.66,2.07,0,0.67,0,2.77,5
1.1,0.11,3.71,0,0.97,0.8,0.17,1.28,0.4,0.55,3.9,2.82,1.38,0,0.61,0,3.2,5
1.05,0.02,2.14,0,2.21,1.19,0,1.48,1.61,0.61,2.68,1.53,2.36,0,1.21,0,2.93,5
2.07,0.26,2.95,0,1.24,0.94,0,1.34,0.81,0.83,2.56,2.33,1.9,0,0.75,0,2.65,5
1.89,1.11,1.63,0,1.27,0.07,0.13,1.29,1.33,0.25,3.03,2.51,1.53,0.2,0.89,0.16,2.68,5
2.74,0.48,2.13,0,1.5,2.73,1.24,2.16,1.45,0.07,3.21,2.65,0.28,0,1.01,1.95,1.45,5
1.29,0.44,2.63,0,1.27,1.22,0.53,1.22,0.81,1.15,3.38,1.76,1.44,0,0.59,0,2.27,5
1.49,0,1.58,0,0.67,0.7,0,0.86,0,0.96,2.02,1.34,1.45,0,0.83,0,2.95,5
2.33,0.53,2.24,0.2,0.06,0,0,2,0,2.39,1.84,2.19,1,0,0,0,2.61,5
2.84,1.07,1.9,0.49,0,0,0,1.33,0,0.87,2.53,1.94,1.43,0,0.1,0,2.67,5
2.36,0.2,2.16,0,1.77,0.85,0.33,2.06,1.25,1.09,3.07,2.55,0.7,0,1.36,0,2.5,5
1.12,0,2.35,0,0.56,1.61,0,0.87,0.23,0.32,2.51,1.94,2.11,0.13,0.49,0.09,3.22,5
1.81,0.04,2.06,0,1.33,0.67,0,0.91,1.09,0.73,1.92,2.23,1.84,0,0,0.13,2.44,5
0.98,0,2.62,0,1.34,1.26,0,1.84,1.56,2.03,1.94,2.36,1.61,0.55,0.67,0,3.38,5
0.98,0.12,1.64,0,1.18,0,0,1.69,1.18,0.32,2.28,1.82,0.76,0,0,0,2.94,5
2.27,1.1,2.6,0,1.83,0,0,2.41,1.65,3.77,1.3,3.23,0.47,0,0.43,0.54,3.17,5
2.04,0.05,2.1,0.34,1.07,1.82,1.43,2.78,0.7,0,2.18,0.71,0,0,0.41,0.35,1.15,5
1.73,0.48,2.34,0,2.09,1.53,0.07,2.51,2.69,3.14,0,0,2.04,0,2.33,0.54,3.05,5
1.35,0,2.84,0.25,1.62,0.42,0.18,1.56,1.09,1.08,1.39,1.89,0.4,0,0,0,3.26,5
2.36,0.36,2.3,0,1.82,0.92,0,1.74,1.11,1.12,2.62,1.91,2.1,0,0.72,0,3.02,5
3,1.59,2.4,0,1.33,0,0.75,2.16,1.08,2.69,1.83,2.11,2.12,0,0.85,0.26,2.5,5
1.23,0,2.08,0,1.99,1.57,0.45,0.29,1.64,1.99,0,0,0.75,0,1.54,1.74,3.12,5
0.75,0,2.37,0,2.48,2.79,1,1.17,1.87,2.09,1.01,0.75,1.36,0,0.83,0.21,0,5
2.3,0.4,2.34,3.25,0,1.4,0,0.32,0,0,1.66,1.1,0.57,0.06,0,0,0,5
0.54,0,1.71,0.06,0.85,0,0.92,0,0.72,0.87,0.09,0.1,1.19,0,0,0,0.64,5
0,0,0.12,0.63,0,0.41,0,0,0.34,0.17,0.66,0.44,0,0.15,0,0.04,0,5
2.48,0.21,1.05,0,0.9,0,0,1.11,0.5,1.74,0.63,1.81,3.22,0.33,0.79,0.06,3.36,5
1.99,0,1.15,0,1.26,0.69,0,0.62,0.78,1.03,0,0,2.79,0,1.55,0.1,3.56,5
1.43,0,1.79,0.13,1.04,0,0,0.21,0.87,1.43,0.27,0.32,2.52,0,0.63,0,3.35,5
2.1,0.09,1.34,0.82,2.36,1.94,0.89,1.8,2.21,0,0.6,0.39,0.19,0,0.19,0,0.73,5
1.45,0,1.44,0,0.4,0,0,0.38,0.06,1.34,1.1,1.67,1.37,0.29,0.17,0.79,2.79,5
1.49,0,2.53,0,0.37,0.6,0,1.61,0.22,0,3.1,1.46,1.53,0,0.4,0,2.91,5
1.61,0,1.43,0,0,0,0,0.01,0.54,1.57,0,1,0.85,0,0,0.48,3.11,5
1.26,0,1.1,0,1.11,0.54,0,0.08,0.8,1.59,0.17,0.8,1.22,0,0,0,3.91,5
1.56,0,2.22,0.26,1.74,3.58,0,0.4,1.98,2.01,0,0,2.23,0,1.61,1.29,0.29,5
1.66,0,2.68,0,1.05,1.78,0,1.52,1,1.46,0.92,0.37,2.47,0,1.7,0.79,2.68,5
1.07,0,2.63,0,0.45,0.02,0,1.07,0.34,1.18,1.82,2.59,2.21,0.12,0,0,2.76,5
3.87,1.15,1.94,2.33,0,0,0,1.03,0.51,1.14,1.36,1.62,2.05,0,0.41,0,0,5
1.24,0.43,2.45,0,1.07,0,0.31,1.94,1.54,2.34,1.11,2.26,1.44,0,0.77,0,2.86,5
1.24,0,2.51,0,1.25,1.63,0,1.5,1.66,1.25,0.32,0.88,1.02,0.32,0.61,0.04,3.42,5
1.39,0.87,0.6,0.19,0.91,0.72,1.03,1.23,0.52,0,1.54,0.9,0,0,0.27,0.65,0.85,5
1.85,0.5,3.56,0,2.38,1.93,0,1.82,1.51,2.05,1.28,0.43,1.44,0,2.12,1.15,2.41,5
2.45,1.78,2.82,0,2.3,0.62,1.23,2.83,1.19,2.02,1.34,1.05,1.89,0,2.61,0.51,2.5,5
1.53,0,2.89,0,2,2.6,0.12,1.77,1.82,1.06,2.74,2.14,1.75,0.55,0.93,0.76,0.22,5
2.31,0,1.38,0,0.55,0,0,0.12,0.03,0.33,2.94,0.59,2.13,0,0,0,3.84,5
3,0.28,1.81,1.61,0.43,0.67,0,0.74,0,0,1.96,1.54,1.04,0,0,0,0,5
0.47,0,1.58,0,0.55,0.63,0,1.2,0.57,1.75,0.73,0.93,1.48,0,0.7,0,3.14,5
0.24,0.35,0.78,0.64,0,2.18,0,0,0,0.04,0,0.05,0.39,0,0,0,0,5
1.34,0.28,0.06,0.35,0.35,0,0,0.24,0,0.35,0.23,0,0,0,0.64,0,0,5
0.86,0,0.37,1.57,0.93,2.54,0.58,0,0,0,0.51,0,0.6,0,0,0,0,5
1.59,0,2.82,0.54,0.73,0,0,1.06,0.33,1.51,1.68,1.85,1.78,0,0,0,2.87,5
2.29,0,2.07,0,0,0,0,0.43,0.6,0.35,0.3,1.49,0.19,0,0,0,3.47,5
0.95,0,3.62,0,2.22,2.9,0.11,2.05,2.22,1.17,1.63,1.04,0.86,0.48,0.95,0.03,0.24,5
1.23,0.01,2.44,0,2.52,2.49,0,1.94,3.02,1.95,0.67,1.2,2.05,0.16,1.54,1.01,2.56,5
2.23,0.15,0.9,0,1.9,0.4,0.32,2.07,1.51,0,0.76,0.98,0.84,0,1.81,0,2.88,5
1.09,0,2.45,0,0.46,1.41,0,0.72,0,0.11,2.85,2.35,1.53,0.16,0.15,0,3.18,5
2.46,0.35,1.72,0,0,0,0,0.93,0.45,1.58,2.18,2.37,2.1,0,0.01,0,2.95,5
1.1,0,2.61,0,1.06,2.15,0,1.03,0,0.54,1.68,0.72,2.04,0,1.67,0.83,1.97,5
1.31,0.01,2.53,0,0,0.89,0,0.54,0,0.45,2.96,1.6,1.9,0,0.34,0.41,3.3,5
2.21,0.45,1.88,0,0,0,0,0.49,0,1.08,1.72,1.87,1.61,0,0.07,0,2.91,5
2.04,0.8,2.21,0,0.46,2,0,0.83,0.25,0.5,2.92,1.4,1.59,0,0.42,0.08,2.74,5
1.24,0.07,2.59,0,0.38,2.26,0,0.77,0.17,0,0.95,0.52,1.14,0,0.46,0.06,2.5,5
2.76,2.24,1.78,2.22,0,1.04,0,0,0,0,0.37,0.06,0.48,0,0.77,1.28,0,5
0.35,0,0.55,0,0.37,0,0,0,0.42,0,0.72,1.75,1.72,0.3,1.18,1.67,0.17,5
4.27,1.97,0.41,2.82,0,1.05,0,0,0.92,0.99,0.46,0.86,1.25,0.45,0.02,0,0,5
0.99,0,2.47,0.22,1.83,1.5,0.41,1.97,1.49,1.77,1.81,0.73,2.17,0,2.58,0.97,0,5
2.38,1.32,3.04,1.24,0.35,1.52,0.06,0.77,0.61,1.68,1.33,0.78,1.09,0,1.55,0.58,0,5
2.26,0.15,1.87,0.4,2.47,0.85,0.97,2.46,2.43,1.96,0.5,0,0,0,0.19,0,0,5
1.8,0,3.45,0,2.42,2.5,0,1.19,2.63,2.06,0.66,0.58,1.88,0.38,1.15,0.74,0,5
2.52,0,2.5,0,2.03,1.99,0,1.52,2.07,1.16,1.39,2.16,0.34,0,0.65,0,3.65,5
2.06,1.55,1.85,1.7,0.72,0.52,1.02,1.15,0.76,0.94,1.26,1.84,0,0.13,0.29,0,0,5
2.04,0,1.42,0,1.28,2.14,0,0.91,1.68,1.43,1.15,1.38,0.77,0.24,0.34,0,0,5
1.48,0,2.07,0,1.95,1.44,0,1.12,1.3,0.08,2.66,1.86,1.6,0,0.78,0,3.11,5
1.77,0,2.37,1.07,1.61,1.39,0,1.68,1.4,1.43,2.64,2.54,1.49,0,0.66,0,0,5
0,0,1,0,1.06,1.31,1.18,0.3,0.56,0.25,0,0.65,0.41,0.52,0,0,0,5
1.9,1.26,3.31,0,1.73,0.47,0.4,1.69,0.85,2.29,1.77,2.03,1.4,0.07,0.43,0.12,2.44,5
1.17,1.34,2.41,0,1,0.14,0,1.42,0.59,1.44,1.55,1.79,1.78,0,0.77,0.61,2.42,5
0.87,0.34,1.42,0,1.99,0.87,0,1.95,2.03,2.37,1.1,2.17,1.45,0.04,0.69,0.66,3.43,5
1.85,0.82,2.01,0,2,1.65,0.48,2.16,1.72,1.85,2.93,1.88,1.08,0.12,1.11,0,2.75,5
2.3,0.83,1.56,0.76,0.55,0.47,0.95,2.14,0.75,0,2.6,1.36,0.84,0,1.32,0,2.15,5
1.66,0,1.82,0.82,1.53,1.16,0,0.61,2.15,2.12,0.38,1.24,0.71,0,0.37,0,0,5
2.41,0,2.2,0,1.25,1.68,0,0.61,1.94,1.54,0,0,1.97,0,1.45,0.56,4.03,5
2.2,0,3.1,0,0.99,0,0,1.23,0.9,1.7,2.5,2.28,0.89,0.08,0.49,0,2.16,5
2.47,0.44,2.9,0,2.13,1.05,0,2.41,1.91,1.45,1.85,0.07,3.01,0,2.32,0,2.74,5
1.94,0.53,2.35,0.09,0.42,2.2,0,0,0.86,0,3.58,1.41,0.26,0,0,0,0,5
1.39,0,1.9,0.26,1.04,2.16,0,0,1.02,0.01,1.47,0.39,0.12,0,0.08,0,0.14,5
1.08,0.3,1.85,0.6,0.17,2.11,0,0,0,0,3.54,1.48,0.56,0,0,0.08,0.38,5
1.47,0.56,1.58,0.31,0.75,2.74,0,0,0.67,0,3.42,1.01,0.68,0,0.51,0.05,1.16,5
0.84,0,3.63,0.12,0.28,3.99,0.17,0.93,0,0,3.52,2.61,0.94,0,0,0,0,5
1.25,0,3.77,0.6,0.85,3.72,0,1.04,0.11,0,3.64,3.01,0.98,0,0,0,0,5
2.02,0.41,2.01,0,1.76,1.83,1.85,2.95,1.88,0,2.05,0.71,0.53,0,2.19,1.19,1.27,5
0.85,0,3.05,0.59,0.73,1.56,0.19,1.09,0,0,2.16,1.93,1.26,0,0,0,0,5
1.65,0,3.38,0.02,0.97,2.61,0,0.88,0,0,2.91,1.52,1.4,0,0,0,0,5
2.05,1.55,2.07,0.88,0.31,2.61,0,0,0.03,0.78,0.3,0.41,0.39,0,0,0.38,0.05,5
3.47,2.3,2.48,0.58,0.28,1.63,0,1.09,0.64,0.8,1.1,0,0.9,0,0.68,0,0,5
0.9,0,1.17,0.17,1.06,3.4,0,1.42,0.1,0.78,2.02,2.46,0.84,0.11,0,0.25,0.09,5
2.91,0.92,2.17,0,0.69,2.45,0,0.47,0.76,0.07,1.07,0.63,1,0,0.22,0,0.17,5
1.46,0,2.43,0,1.76,2.56,0,1.06,0.91,0.97,2.19,1.58,1.46,0.35,0.13,0,1.25,5
2.25,1.08,0.94,0.84,0,2.22,0,0,0.06,0.3,0.78,1.56,1.28,0.03,0,0,0.3,5
2.05,0.87,1.75,0.47,0.18,1.55,0,0.75,0.65,0.64,1.94,1.75,0.89,0,0,0,0,5
2.05,0.87,2.36,0,1.12,3.33,0,1.22,0.51,0.58,2.53,1.82,1.92,0.17,0.16,0.58,0,5
2.58,0.91,1.05,0.2,1.45,0,1.03,2.26,1.5,0.05,1.03,0.73,2,0,1.49,0.82,0.39,5
0.9,0.47,3.18,0,0,1.88,0,0.43,0.17,0.4,1.59,1.06,0.74,0,0,0,0.38,5
2.76,1.83,2.32,0,0.17,2.44,0,0.3,0,0.73,0.89,0.96,0.85,0,0.24,0.04,0.34,5
1.88,0.36,1.91,0,0.6,2.57,0,0.41,0,0.31,1.37,1.69,0.54,0,0,0,0.24,5
3.04,1.69,2.1,0.27,0.4,1.11,0,0.42,0.19,0.25,1.53,0.88,1.93,0,0.25,0,0,5
2.88,2.03,1.87,0.04,0,1.05,0,0,0.43,0.47,0.6,0.95,1.02,0,0.03,0,0.08,5
2.98,1.26,1.15,0,0,0.97,0,0,0.14,1.07,1,0.74,1.66,0,0.03,0,0,5
2.68,1.41,0.46,0.55,0.06,0.02,0,0.42,0.42,0,1.69,0.52,1.71,0,0.25,0,0,5
1.68,0.44,1.11,0.08,0.17,1.88,0,0.04,0.77,0.91,0.68,2.07,0.82,0.38,0,0,0,5
2.66,1.59,0.93,0,0,0.64,0,0.21,0.31,0.43,0.59,0.82,0.48,0,0,0,0,5
2.96,1.36,1.7,0,0.31,0,0,1.14,1.25,1.82,1.7,1.72,0.85,0,0.06,0,0,5
2.54,2.28,2.11,0.12,0.83,0.25,1.56,2.14,1.42,0.21,2.68,1.08,1.67,0,2.33,1.09,1.45,5
2.45,0.58,0.19,0.12,0,0.09,0,0.39,0.81,0.62,1.01,1.26,0.64,0,0,0,0,5
1.64,0.28,1.21,0.03,0.47,1.74,0,0,0.9,0,1.72,1.42,1.39,0,0,0,0.22,5
2.57,0.61,1.25,0.27,1.13,2.84,0,0.3,0.95,0,1.87,1.41,1.4,0.26,0,0,0.21,5
2.19,0.31,2.01,0,0.83,2.3,0,0.7,0.95,0.7,1.61,1.76,1.27,0.26,0,0,0.11,5
2.32,0.22,2.48,0,0.81,2.16,0,1.31,1.07,1.16,1.92,0.84,1.36,0,0.25,0.3,0.37,5
3.37,2.29,1.31,0,0,1.38,0.05,0.51,0.59,0.33,1.44,0,1.06,0,0.75,0,0,5
1.89,0.59,1.06,0,0,1.93,0,0,0,0,0.9,0.86,0.52,0,0,0,0,5
1.19,0.67,1.3,0.55,0,0.21,0,0,0,0,0.02,0,0.37,0.3,0,0,0.58,5
2.12,1.93,2.12,0.44,0.51,2.74,0,0.64,0.47,0,1.7,1.56,1,0,0,0,0.03,5
2.73,2.32,0.95,0.8,0.26,0.89,0,1.45,0.43,1.22,1.18,1.61,0.81,0,0.32,0,0,5
2.95,2.04,2.23,0.35,0,0.61,0,0.52,0.51,0.79,1.06,0.82,1.14,0,0.24,0,0,5
2.08,0.21,1.53,0,1.81,2.52,1.3,2.14,2.25,1.08,0.67,1.81,0,0,0,1.15,0.44,5
2.32,1.17,1.23,0.3,0.9,2.86,0,0.57,0.91,0.99,0.85,0.34,0.62,0,0.11,0.43,0,5
1.85,0.92,0.93,1.36,0,0.67,0,0,0.25,0,0.56,0.34,0.22,0.12,0.31,0,0,5
1.05,0.08,1.46,1.18,0,0,0,0,0,0.57,0.36,0.68,0.39,0.42,0,0,0,5
1.5,0,3.32,0,1.76,4.5,1.03,1.29,0,0.15,0.38,0,1.21,0,1.97,0,1.05,5
2.48,0,3.16,0,1.2,4.62,1.65,1.71,0.35,0,2.17,1.01,0.06,0,0.42,0,1.18,5
2.11,0.28,2.83,0,1.94,2.79,0.98,1.28,0.54,0,2.21,2.45,0.72,0,0.98,0,1.59,5
3.02,0.82,1.9,0,1.53,1.38,1.14,1.24,0.67,0.07,2.43,2.03,0.68,0.38,0.77,0,0.35,5
1.63,0.55,0.98,0,0.81,1.51,0.9,1.44,0.6,0.74,0.78,1.11,0.67,0,0,0,0,5
1.66,0.37,2.31,0,1.65,2.39,0.84,1.23,0.78,0,2.08,1.99,1.04,0.22,0.5,0,0.87,5
1.76,1.75,0.25,0.15,0.57,0.87,0.12,0.89,0.05,0.44,1.54,2.04,0.33,0.15,0,0,0.35,5
1.99,0.69,2.3,1.09,1.04,0.18,0,1.6,1.16,0.15,1.18,2.21,0,0,0,0,0.74,5
1.74,1.9,0.79,0.79,0.67,0,0,1.38,0.74,0.94,1.43,2.73,1.05,0.59,0,0.16,0,5
1.12,0.12,2.25,0.31,1.41,2.49,1.58,1.91,0,1,2.22,2.49,1.03,0,0.43,0,0,5
3.53,2.39,1.47,0,0.57,0,0,1.49,0.86,1.88,0.8,2.42,1.31,0,0,0,0,5
3.38,2.96,1.54,0,0.86,0,0.71,1.35,0.38,0.33,1.47,1.6,0.84,0,0.85,0.53,0.13,5
1.57,1.61,1.94,0,0.84,2.07,0.85,0.46,0,0,1.12,1.63,0.38,0.42,0,0,0.1,5
2.55,1.09,2.43,0,2.06,2.15,0.85,1.84,0.76,0.55,1.15,2.02,0.68,0.63,0.27,0,0,5
1.89,0.49,2.03,0,1.66,2.12,1.27,1.04,0.87,0.05,2.71,2.6,0.39,0.14,1.13,0,0.21,5
3.33,2.29,1.16,0,0,0,0.26,1.31,0.29,1.65,1.88,2.08,0.67,0,0,0,0,5
3.23,1.01,1.18,0,1.52,2.61,0.64,0.59,0.57,0,1.51,1.67,0.9,0.02,0.91,0,0.42,5
0.84,0,0.41,0,1.07,1.95,0.88,0.46,0.32,0,1.89,1.12,0.83,0.14,0.83,0,0,5
2.78,0.42,2.71,0.51,2.47,0.68,1.24,2.67,2.41,1.37,0.89,0.52,0,0,0.44,1,0.77,5
0.47,0,1.2,0,1.6,1.59,0.46,1.24,0.22,0,3.33,2.79,0.15,0.43,0.2,0.09,0,5
1.75,0,1.58,0,1.24,2.46,0.79,0.99,0,0.58,3.41,1.81,2,0.17,0,0,0.45,5
0.59,1.07,1.22,0,0.9,2.09,0.86,1.13,0,0.47,2.24,2.45,0.66,0,0,0,1.37,5
1.23,0.4,0.98,0,1.56,2.7,0.75,1.15,0,0.4,3,3.14,0.52,0,0,0,1.64,5
1.61,0,1.71,0,1.72,2.98,0.2,1.32,0,0,3.23,2.68,1.85,0,0.06,0,1.36,5
1.79,0,0.43,0,1.57,2.36,1.32,0.02,0.22,0,2.8,2.14,0.19,0,0,0,0.76,5
1.1,0.54,0.3,0.11,1.18,1.49,0.64,1.48,0,0.48,2.72,3.24,0.81,0.09,0,0,1.24,5
1.29,0.99,0,0,1.43,1.58,1.01,1.11,0,0.37,2.6,2.71,0.47,0,0,0,1.52,5
0.37,0.13,0.8,0.83,2.18,3.52,0.37,1.63,0.11,0,2.9,3.8,3.01,0.45,0,0,1.08,5
0.79,0.99,1.47,0,0.8,0.94,0.15,1.19,0,0.34,2.17,3.2,0.76,0,0,0,1.42,5
3.42,1.55,1.14,0.5,1.66,0.84,0,2.42,2.34,0,1.72,1.09,1.16,0.18,0.34,0,0.62,5
0.96,1.13,0.91,0,1.25,2.16,0.79,0.52,0,0.02,2.86,0.57,2.09,0,0.04,0,1.63,5
1.95,0,2.97,0,0.69,2.13,0.52,1.09,0,1.4,2.4,2.27,0.02,0,0,0,0,5
2.51,1.3,1.97,0.3,0.39,0.83,0.2,1.5,0,0.42,2.22,2.98,0.38,0,0,0,1.2,5
2.23,1.84,0,0.8,1.85,2.42,1.31,1.03,0,0,1.61,3.43,0.62,0.29,0,0,0.39,5
2.26,1.77,1.34,0,1.7,2.06,1.1,1.45,0.03,0,1.74,2.46,0.29,0,0,0,1.18,5
1.99,1.78,0.03,0,1.34,1.09,0.5,1.74,0.29,0.12,1.22,2.56,0,0,0,0,1.74,5
2.04,0,0.4,0.04,1.83,2.91,0.44,0.85,0,0,1.28,2.73,0.86,0.4,0,0,1.77,5
0.44,0.02,0.86,0,1.8,3.46,0.74,0.91,0,0,1.6,2.85,0.14,0.7,0,0,1.68,5
1.43,0.34,0.65,0,1.75,3.1,0.75,1.51,0,0,1.72,3.58,0.37,0.23,0,0,1.62,5
1.75,0.16,0.53,0,1.37,1.7,1.35,0.39,0,0,2.36,1.36,0.5,0.35,0,0,1.08,5
1.49,0,1.9,1.48,0.66,0,0.38,1.21,0.88,0.1,2.03,1.3,0,0,0,0,1.78,5
2.36,0.18,1.99,0,1.97,3.39,0.57,1.29,0.47,0.56,0.84,2.49,0.3,0.52,0,0,0.36,5
2.54,0.02,2.68,0.19,1.88,3.93,0.49,0.7,0,0.04,2.13,3.16,0.72,0,0,0,0.62,5
2.52,0.94,1.35,0.02,0.78,1.28,0.6,0.46,0,0.78,1.8,2.08,0.58,0,0,0,1.22,5
1.66,1.2,1.87,0,0.94,1.29,0.34,0.44,0.24,0.74,1.61,1.6,0.62,0,0,0,1.55,5
2.01,0.04,0.45,0,1.4,3.2,1.24,0.81,0,0.79,1.42,3.27,0,0.3,0,0,0.75,5
1.77,0.48,1.26,0,1.11,1.9,0.67,2.04,0,0.19,2.59,3.12,0.75,0,0,0,1.72,5
0.46,1.24,0,0,0.99,1.56,0.79,1.03,0,0.2,2.81,2.54,0.71,0,0,0,1.58,5
1.4,1.05,3.23,0.52,1.38,2.01,1.18,0.76,0,0,2.97,3.14,0.93,0,0.18,0,1.46,5
0.58,0.1,1.29,0.66,0.48,2.97,0.91,0.63,0,0,3.58,2.72,1.41,0,0,0,1.32,5
0.38,0,2.21,0.15,0.76,3.27,0.61,1.71,0,0.23,3.84,3.75,0.81,0.05,0,0,1.4,5
